Data,BRZEG DOLNY (151160170) Stan wody [cm],G£OGÓW (151160060) Stan wody [cm],OSETNO (151160140) Stan wody [cm],TRESTNO (151170030) Stan wody [cm],BRZEG DOLNY (251160230) Suma opadów [mm],OSETNO (251160110) Suma opadów [mm],£ANY (251170420) Suma opadów [mm],BRZEG DOLNY (251160230) Brak pomiaru,OSETNO (251160110) Brak pomiaru,£ANY (251170420) Brak pomiaru
2017-11-01,286,354,276,334,,0.7,,0.0,0.0,0.0
2017-11-02,285,358,281,337,,10.0,,0.0,0.0,0.0
2017-11-03,258,353,288,336,,0.1,,0.0,0.0,0.0
2017-11-04,218,352,296,333,,0.0,,0.0,0.0,0.0
2017-11-05,244,326,304,333,,0.6,,0.0,0.0,0.0
2017-11-06,224,330,310,328,,1.5,,0.0,0.0,0.0
2017-11-07,210,328,316,324,,0.1,,0.0,0.0,0.0
2017-11-08,196,319,319,320,,0.0,,0.0,0.0,0.0
2017-11-09,191,312,320,320,,0.0,,0.0,0.0,0.0
2017-11-10,191,310,319,317,,1.6,,0.0,0.0,0.0
2017-11-11,187,303,317,319,,3.5,,0.0,0.0,0.0
2017-11-12,204,305,315,322,,4.4,,0.0,0.0,0.0
2017-11-13,206,305,313,323,,0.1,,0.0,0.0,0.0
2017-11-14,218,311,310,328,,0.0,,0.0,0.0,0.0
2017-11-15,245,315,308,330,,0.7,,0.0,0.0,0.0
2017-11-16,231,332,306,325,,0.1,,0.0,0.0,0.0
2017-11-17,196,327,304,320,,0.6,,0.0,0.0,0.0
2017-11-18,224,316,301,319,,0.1,,0.0,0.0,0.0
2017-11-19,184,318,297,320,,3.0,,0.0,0.0,0.0
2017-11-20,209,303,293,320,,2.7,,0.0,0.0,0.0
2017-11-21,206,309,289,320,,4.4,,0.0,0.0,0.0
2017-11-22,206,312,286,325,,1.2,,0.0,0.0,0.0
2017-11-23,231,312,285,331,,0.1,,0.0,0.0,0.0
2017-11-24,239,318,284,332,,2.0,,0.0,0.0,0.0
2017-11-25,176,339,285,330,,2.6,,0.0,0.0,0.0
2017-11-26,210,303,286,327,,0.2,,0.0,0.0,0.0
2017-11-27,207,309,286,324,,0.0,,0.0,0.0,0.0
2017-11-28,194,311,284,322,,1.4,,0.0,0.0,0.0
2017-11-29,196,307,282,322,,0.1,,0.0,0.0,0.0
2017-11-30,207,306,279,322,,0.9,,0.0,0.0,0.0
2017-12-01,202,303,276,326,,2.0,,0.0,0.0,0.0
2017-12-02,225,306,272,329,,1.0,,0.0,0.0,0.0
2017-12-03,225,316,267,326,,0.3,,0.0,0.0,0.0
2017-12-04,233,318,263,322,,2.4,,0.0,0.0,0.0
2017-12-05,216,319,261,324,,2.0,,0.0,0.0,0.0
2017-12-06,207,324,259,324,,0.1,,0.0,0.0,0.0
2017-12-07,187,309,259,330,,0.0,,0.0,0.0,0.0
2017-12-08,265,304,260,334,,0.1,,0.0,0.0,0.0
2017-12-09,241,321,260,331,,0.7,,0.0,0.0,0.0
2017-12-10,269,333,261,334,,0.9,,0.0,0.0,0.0
2017-12-11,276,339,260,332,,0.2,,0.0,0.0,0.0
2017-12-12,232,344,259,327,,0.0,,0.0,0.0,0.0
2017-12-13,208,341,255,320,,1.4,,0.0,0.0,0.0
2017-12-14,256,307,251,322,,4.1,,0.0,0.0,0.0
2017-12-15,247,330,248,322,,6.9,,0.0,0.0,0.0
2017-12-16,238,331,250,320,,0.4,,0.0,0.0,0.0
2017-12-17,191,328,256,315,,0.5,,0.0,0.0,0.0
2017-12-18,215,312,263,316,,0.0,,0.0,0.0,0.0
2017-12-19,232,309,267,316,,0.4,,0.0,0.0,0.0
2017-12-20,199,314,270,314,,1.0,,0.0,0.0,0.0
2017-12-21,195,317,271,314,,3.2,,0.0,0.0,0.0
2017-12-22,180,304,271,317,,0.8,,0.0,0.0,0.0
2017-12-23,194,302,271,320,,0.1,,0.0,0.0,0.0
2017-12-24,188,301,272,320,,0.1,,0.0,0.0,0.0
2017-12-25,194,301,275,319,,0.0,,0.0,0.0,0.0
2017-12-26,187,301,276,319,,0.0,,0.0,0.0,0.0
2017-12-27,188,301,276,320,,3.0,,0.0,0.0,0.0
2017-12-28,181,302,276,320,,9.8,,0.0,0.0,0.0
2017-12-29,192,296,277,319,,0.0,,0.0,0.0,0.0
2017-12-30,190,306,278,319,,2.1,,0.0,0.0,0.0
2017-12-31,196,305,280,321,,1.9,,0.0,0.0,0.0
2018-01-01,194,305,281,320,,0.1,,0.0,0.0,0.0
2018-01-02,210,309,283,324,,3.0,,0.0,0.0,0.0
2018-01-03,215,309,285,323,,8.8,,0.0,0.0,0.0
2018-01-04,208,324,289,321,,0.4,,0.0,0.0,0.0
2018-01-05,210,320,293,323,,0.0,,0.0,0.0,0.0
2018-01-06,215,321,296,322,,1.6,,0.0,0.0,0.0
2018-01-07,196,323,300,320,,1.2,,0.0,0.0,0.0
2018-01-08,238,317,302,322,,0.1,,0.0,0.0,0.0
2018-01-09,214,324,301,318,,0.0,,0.0,0.0,0.0
2018-01-10,195,331,298,317,,16.3,,0.0,0.0,0.0
2018-01-11,193,317,297,321,,0.2,,0.0,0.0,0.0
2018-01-12,274,320,295,333,,0.0,,0.0,0.0,0.0
2018-01-13,285,343,293,334,,0.0,,0.0,0.0,0.0
2018-01-14,286,369,292,333,,0.0,,0.0,0.0,0.0
2018-01-15,255,367,289,327,,0.0,,0.0,0.0,0.0
2018-01-16,248,356,285,325,,1.7,,0.0,0.0,0.0
2018-01-17,241,344,278,320,,1.8,,0.0,0.0,0.0
2018-01-18,215,342,272,316,,6.9,,0.0,0.0,0.0
2018-01-19,230,332,268,320,,0.0,,0.0,0.0,0.0
2018-01-20,223,329,271,319,,1.1,,0.0,0.0,0.0
2018-01-21,218,331,274,317,,0.0,,0.0,0.0,0.0
2018-01-22,212,329,278,316,,0.0,,0.0,0.0,0.0
2018-01-23,208,323,279,316,,0.3,,0.0,0.0,0.0
2018-01-24,199,321,276,316,,0.1,,0.0,0.0,0.0
2018-01-25,188,316,272,315,,0.0,,0.0,0.0,0.0
2018-01-26,185,310,269,316,,1.1,,0.0,0.0,0.0
2018-01-27,190,304,271,318,,1.2,,0.0,0.0,0.0
2018-01-28,193,304,275,318,,0.2,,0.0,0.0,0.0
2018-01-29,189,309,280,318,,2.1,,0.0,0.0,0.0
2018-01-30,193,306,284,318,,0.1,,0.0,0.0,0.0
2018-01-31,189,308,287,318,,3.6,,0.0,0.0,0.0
2018-02-01,203,310,289,321,,1.2,,0.0,0.0,0.0
2018-02-02,198,311,291,321,,0.0,,0.0,0.0,0.0
2018-02-03,203,316,291,320,,0.2,,0.0,0.0,0.0
2018-02-04,224,315,291,324,,0.2,,0.0,0.0,0.0
2018-02-05,234,320,288,321,,0.0,,0.0,0.0,0.0
2018-02-06,185,327,284,323,,0.0,,0.0,0.0,0.0
2018-02-07,198,317,277,320,,0.0,,0.0,0.0,0.0
2018-02-08,180,305,268,321,,0.0,,0.0,0.0,0.0
2018-02-09,166,302,258,320,,0.0,,0.0,0.0,0.0
2018-02-10,187,297,248,319,,0.0,,0.0,0.0,0.0
2018-02-11,179,294,240,317,,0.4,,0.0,0.0,0.0
2018-02-12,180,288,235,317,,0.3,,0.0,0.0,0.0
2018-02-13,191,295,232,317,,0.0,,0.0,0.0,0.0
2018-02-14,154,290,228,316,,0.0,,0.0,0.0,0.0
2018-02-15,174,289,224,316,,0.1,,0.0,0.0,0.0
2018-02-16,195,273,221,318,,0.0,,0.0,0.0,0.0
2018-02-17,150,293,219,317,,0.0,,0.0,0.0,0.0
2018-02-18,185,275,218,317,,0.0,,0.0,0.0,0.0
2018-02-19,176,276,217,316,,0.0,,0.0,0.0,0.0
2018-02-20,132,288,215,314,,0.0,,0.0,0.0,0.0
2018-02-21,164,272,211,313,,0.0,,0.0,0.0,0.0
2018-02-22,148,259,207,313,,0.0,,0.0,0.0,0.0
2018-02-23,135,271,203,314,,0.2,,0.0,0.0,0.0
2018-02-24,154,262,198,314,,0.0,,0.0,0.0,0.0
2018-02-25,144,251,192,312,,0.0,,0.0,0.0,0.0
2018-02-26,136,247,186,310,,0.0,,0.0,0.0,0.0
2018-02-27,117,257,179,306,,0.0,,0.0,0.0,0.0
2018-02-28,95,245,173,312,,0.0,,0.0,0.0,0.0
2018-03-01,125,217,172,315,,0.0,,0.0,0.0,0.0
2018-03-02,88,224,170,318,,0.0,,0.0,0.0,0.0
2018-03-03,134,226,167,319,,0.0,,0.0,0.0,0.0
2018-03-04,118,220,165,318,,0.0,,0.0,0.0,0.0
2018-03-05,131,223,162,319,,0.0,,0.0,0.0,0.0
2018-03-06,134,238,160,321,,9.3,,0.0,0.0,0.0
2018-03-07,136,232,161,321,,1.6,,0.0,0.0,0.0
2018-03-08,140,240,164,320,,0.3,,0.0,0.0,0.0
2018-03-09,147,243,167,320,,0.0,,0.0,0.0,0.0
2018-03-10,150,245,168,321,,0.1,,0.0,0.0,0.0
2018-03-11,175,254,171,323,,0.0,,0.0,0.0,0.0
2018-03-12,163,255,176,321,,4.5,,0.0,0.0,0.0
2018-03-13,179,270,184,320,,0.3,,0.0,0.0,0.0
2018-03-14,142,269,198,320,,1.0,,0.0,0.0,0.0
2018-03-15,192,273,207,319,,0.1,,0.0,0.0,0.0
2018-03-16,168,282,214,321,,8.6,,0.0,0.0,0.0
2018-03-17,183,274,218,321,,0.1,,0.0,0.0,0.0
2018-03-18,221,283,213,325,,0.0,,0.0,0.0,0.0
2018-03-19,210,292,207,324,,0.0,,0.0,0.0,0.0
2018-03-20,183,305,208,318,,0.1,,0.0,0.0,0.0
2018-03-21,156,294,208,316,,0.0,,0.0,0.0,0.0
2018-03-22,169,285,209,315,,0.6,,0.0,0.0,0.0
2018-03-23,175,275,211,316,,0.0,,0.0,0.0,0.0
2018-03-24,177,277,216,316,,0.0,,0.0,0.0,0.0
2018-03-25,162,282,221,316,,0.0,,0.0,0.0,0.0
2018-03-26,155,275,223,314,,0.3,,0.0,0.0,0.0
2018-03-27,155,281,222,316,,0.1,,0.0,0.0,0.0
2018-03-28,151,270,222,321,,5.6,,0.0,0.0,0.0
2018-03-29,148,270,223,320,,0.1,,0.0,0.0,0.0
2018-03-30,156,268,226,319,,0.0,,0.0,0.0,0.0
2018-03-31,153,266,229,318,,1.1,,0.0,0.0,0.0
2018-04-01,168,266,229,320,,0.6,,0.0,0.0,0.0
2018-04-02,161,275,241,319,,0.0,,0.0,0.0,0.0
2018-04-03,167,277,256,321,,0.0,,0.0,0.0,0.0
2018-04-04,171,284,265,320,,0.0,,0.0,0.0,0.0
2018-04-05,161,288,266,319,,3.8,,0.0,0.0,0.0
2018-04-06,149,286,262,319,,0.1,,0.0,0.0,0.0
2018-04-07,156,279,253,319,,0.0,,0.0,0.0,0.0
2018-04-08,150,273,240,318,,0.8,,0.0,0.0,0.0
2018-04-09,155,264,227,317,,0.0,,0.0,0.0,0.0
2018-04-10,152,270,217,317,,0.0,,0.0,0.0,0.0
2018-04-11,108,269,210,318,,0.0,,0.0,0.0,0.0
2018-04-12,173,243,205,319,,0.0,,0.0,0.0,0.0
2018-04-13,127,259,197,320,,0.6,,0.0,0.0,0.0
2018-04-14,131,252,191,319,,0.0,,0.0,0.0,0.0
2018-04-15,146,255,187,322,,1.3,,0.0,0.0,0.0
2018-04-16,205,248,184,324,,1.3,,0.0,0.0,0.0
2018-04-17,76,263,182,316,,0.0,,0.0,0.0,0.0
2018-04-18,173,255,179,318,,0.0,,0.0,0.0,0.0
2018-04-19,116,237,177,316,,0.0,,0.0,0.0,0.0
2018-04-20,89,246,175,318,,0.0,,0.0,0.0,0.0
2018-04-21,85,221,171,320,,0.0,,0.0,0.0,0.0
2018-04-22,141,202,167,324,,4.5,,0.0,0.0,0.0
2018-04-23,125,218,165,326,,0.0,,0.0,0.0,0.0
2018-04-24,147,232,165,323,,0.0,,0.0,0.0,0.0
2018-04-25,136,232,167,320,,0.0,,0.0,0.0,0.0
2018-04-26,115,233,169,319,,0.8,,0.0,0.0,0.0
2018-04-27,125,225,167,318,,0.0,,0.0,0.0,0.0
2018-04-28,121,222,163,317,,0.0,,0.0,0.0,0.0
2018-04-29,101,223,160,317,,0.0,,0.0,0.0,0.0
2018-04-30,103,214,158,316,,0.0,,0.0,0.0,0.0
2018-05-01,96,207,155,318,,0.0,,0.0,0.0,0.0
2018-05-02,107,204,153,317,,0.0,,0.0,0.0,0.0
2018-05-03,90,203,153,317,,3.2,,0.0,0.0,0.0
2018-05-04,100,203,153,316,,0.0,,0.0,0.0,0.0
2018-05-05,106,197,154,319,,0.0,,0.0,0.0,0.0
2018-05-06,105,201,152,315,,0.0,,0.0,0.0,0.0
2018-05-07,90,209,150,314,,0.0,,0.0,0.0,0.0
2018-05-08,87,198,148,313,,0.0,,0.0,0.0,0.0
2018-05-09,86,192,146,314,,2.5,,0.0,0.0,0.0
2018-05-10,100,190,147,317,,1.0,,0.0,0.0,0.0
2018-05-11,108,192,148,319,,0.6,,0.0,0.0,0.0
2018-05-12,94,197,154,318,,0.0,,0.0,0.0,0.0
2018-05-13,103,199,156,318,,0.0,,0.0,0.0,0.0
2018-05-14,93,198,150,318,,0.0,,0.0,0.0,0.0
2018-05-15,96,193,148,316,,1.4,,0.0,0.0,0.0
2018-05-16,99,195,146,319,,8.6,,0.0,0.0,0.0
2018-05-17,140,192,147,319,,7.5,,0.0,0.0,0.0
2018-05-18,158,204,153,322,,0.1,,0.0,0.0,0.0
2018-05-19,127,233,178,320,,0.0,,0.0,0.0,0.0
2018-05-20,148,241,187,323,,0.0,,0.0,0.0,0.0
2018-05-21,160,216,185,319,,0.0,,0.0,0.0,0.0
2018-05-22,132,243,180,317,,0.0,,0.0,0.0,0.0
2018-05-23,94,230,176,318,,0.0,,0.0,0.0,0.0
2018-05-24,107,211,166,316,,0.0,,0.0,0.0,0.0
2018-05-25,89,204,160,318,,0.0,,0.0,0.0,0.0
2018-05-26,91,196,155,316,,0.0,,0.0,0.0,0.0
2018-05-27,83,192,151,315,,0.0,,0.0,0.0,0.0
2018-05-28,134,189,150,325,,0.0,,0.0,0.0,0.0
2018-05-29,197,180,153,326,,0.0,,0.0,0.0,0.0
2018-05-30,250,194,155,323,,0.0,,0.0,0.0,0.0
2018-05-31,210,225,152,320,,0.0,,0.0,0.0,0.0
2018-06-01,188,230,150,314,,21.9,,0.0,0.0,0.0
2018-06-02,172,202,154,315,,0.4,,0.0,0.0,0.0
2018-06-03,184,186,158,316,,20.2,,0.0,0.0,0.0
2018-06-04,219,180,159,330,,0.0,,0.0,0.0,0.0
2018-06-05,259,187,163,327,,0.0,,0.0,0.0,0.0
2018-06-06,176,256,168,321,,0.0,,0.0,0.0,0.0
2018-06-07,175,233,172,316,,0.0,,0.0,0.0,0.0
2018-06-08,149,213,171,318,,0.0,,0.0,0.0,0.0
2018-06-09,156,188,165,315,,0.0,,0.0,0.0,0.0
2018-06-10,128,181,160,318,,7.4,,0.0,0.0,0.0
2018-06-11,116,182,157,320,,0.1,,0.0,0.0,0.0
2018-06-12,112,197,155,320,,0.0,,0.0,0.0,0.0
2018-06-13,121,202,153,320,,0.0,,0.0,0.0,0.0
2018-06-14,114,198,151,325,,0.0,,0.0,0.0,0.0
2018-06-15,152,197,154,319,,0.0,,0.0,0.0,0.0
2018-06-16,107,222,150,315,,0.0,,0.0,0.0,0.0
2018-06-17,77,203,150,316,,0.0,,0.0,0.0,0.0
2018-06-18,92,190,149,315,,0.0,,0.0,0.0,0.0
2018-06-19,81,176,152,317,,0.0,,0.0,0.0,0.0
2018-06-20,84,173,152,314,,0.0,,0.0,0.0,0.0
2018-06-21,72,170,150,315,,2.4,,0.0,0.0,0.0
2018-06-22,67,166,151,315,,0.9,,0.0,0.0,0.0
2018-06-23,72,162,149,317,,0.1,,0.0,0.0,0.0
2018-06-24,78,160,148,318,,14.8,,0.0,0.0,0.0
2018-06-25,74,162,148,320,,4.9,,0.0,0.0,0.0
2018-06-26,102,165,150,322,,14.3,,0.0,0.0,0.0
2018-06-27,116,163,150,322,,0.0,,0.0,0.0,0.0
2018-06-28,115,170,151,321,,0.2,,0.0,0.0,0.0
2018-06-29,122,173,152,327,,0.0,,0.0,0.0,0.0
2018-06-30,199,173,150,328,,0.0,,0.0,0.0,0.0
2018-07-01,142,195,150,322,,0.0,,0.0,0.0,0.0
2018-07-02,172,216,150,318,,0.0,,0.0,0.0,0.0
2018-07-03,136,211,150,321,,0.0,,0.0,0.0,0.0
2018-07-04,165,198,147,320,,0.0,,0.0,0.0,0.0
2018-07-05,154,170,145,318,,0.5,,0.0,0.0,0.0
2018-07-06,182,160,143,321,,0.0,,0.0,0.0,0.0
2018-07-07,147,167,143,319,,0.0,,0.0,0.0,0.0
2018-07-08,118,186,140,318,,0.0,,0.0,0.0,0.0
2018-07-09,132,169,137,318,,0.0,,0.0,0.0,0.0
2018-07-10,136,157,140,316,,3.1,,0.0,0.0,0.0
2018-07-11,143,159,142,316,,3.0,,0.0,0.0,0.0
2018-07-12,125,159,141,317,,0.4,,0.0,0.0,0.0
2018-07-13,98,164,140,318,,6.5,,0.0,0.0,0.0
2018-07-14,94,171,142,318,,1.2,,0.0,0.0,0.0
2018-07-15,73,173,143,317,,0.1,,0.0,0.0,0.0
2018-07-16,80,173,148,317,,3.8,,0.0,0.0,0.0
2018-07-17,79,163,161,317,,26.0,,0.0,0.0,0.0
2018-07-18,91,168,167,320,,13.7,,0.0,0.0,0.0
2018-07-19,143,171,167,325,,2.2,,0.0,0.0,0.0
2018-07-20,322,183,170,351,,0.0,,0.0,0.0,0.0
2018-07-21,295,252,174,338,,0.0,,0.0,0.0,0.0
2018-07-22,264,303,179,328,,0.0,,0.0,0.0,0.0
2018-07-23,219,280,182,327,,0.0,,0.0,0.0,0.0
2018-07-24,210,250,183,327,,0.0,,0.0,0.0,0.0
2018-07-25,191,230,181,322,,0.0,,0.0,0.0,0.0
2018-07-26,176,226,177,323,,0.0,,0.0,0.0,0.0
2018-07-27,186,202,174,325,,9.4,,0.0,0.0,0.0
2018-07-28,210,195,170,322,,0.4,,0.0,0.0,0.0
2018-07-29,111,215,167,319,,0.0,,0.0,0.0,0.0
2018-07-30,104,221,164,319,,0.0,,0.0,0.0,0.0
2018-07-31,93,192,160,319,,0.0,,0.0,0.0,0.0
2018-08-01,94,185,156,317,,0.0,,0.0,0.0,0.0
2018-08-02,69,181,154,321,,0.0,,0.0,0.0,0.0
2018-08-03,87,173,153,320,,0.0,,0.0,0.0,0.0
2018-08-04,78,163,153,319,,0.0,,0.0,0.0,0.0
2018-08-05,66,168,152,318,,0.3,,0.0,0.0,0.0
2018-08-06,65,161,149,317,,0.0,,0.0,0.0,0.0
2018-08-07,73,156,144,317,,0.0,,0.0,0.0,0.0
2018-08-08,63,155,142,317,,0.0,,0.0,0.0,0.0
2018-08-09,56,160,141,315,,0.4,,0.0,0.0,0.0
2018-08-10,59,154,142,316,,2.9,,0.0,0.0,0.0
2018-08-11,81,149,139,314,,2.3,,0.0,0.0,0.0
2018-08-12,98,152,136,316,,0.0,,0.0,0.0,0.0
2018-08-13,102,165,137,317,,1.8,,0.0,0.0,0.0
2018-08-14,102,175,138,312,,0.0,,0.0,0.0,0.0
2018-08-15,62,180,137,310,,0.0,,0.0,0.0,0.0
2018-08-16,67,171,135,309,,0.0,,0.0,0.0,0.0
2018-08-17,70,155,136,313,,0.0,,0.0,0.0,0.0
2018-08-18,93,154,133,314,,0.0,,0.0,0.0,0.0
2018-08-19,76,160,133,314,,0.0,,0.0,0.0,0.0
2018-08-20,73,167,133,316,,0.0,,0.0,0.0,0.0
2018-08-21,90,161,132,313,,0.0,,0.0,0.0,0.0
2018-08-22,62,165,129,308,,0.0,,0.0,0.0,0.0
2018-08-23,57,162,126,313,,0.0,,0.0,0.0,0.0
2018-08-24,70,150,128,315,,16.0,,0.0,0.0,0.0
2018-08-25,89,151,133,316,,2.6,,0.0,0.0,0.0
2018-08-26,85,156,132,315,,0.0,,0.0,0.0,0.0
2018-08-27,91,169,131,320,,0.0,,0.0,0.0,0.0
2018-08-28,79,166,130,316,,0.0,,0.0,0.0,0.0
2018-08-29,67,172,129,312,,0.0,,0.0,0.0,0.0
2018-08-30,54,165,128,314,,1.2,,0.0,0.0,0.0
2018-08-31,63,155,130,315,,0.6,,0.0,0.0,0.0
2018-09-01,56,155,131,315,,17.1,,0.0,0.0,0.0
2018-09-02,86,156,132,321,,0.0,,0.0,0.0,0.0
2018-09-03,83,152,132,322,,0.0,,0.0,0.0,0.0
2018-09-04,127,169,132,325,,0.0,,0.0,0.0,0.0
2018-09-05,105,168,132,321,,0.0,,0.0,0.0,0.0
2018-09-06,128,184,132,319,,0.0,,0.0,0.0,0.0
2018-09-07,116,188,133,320,,0.5,,0.0,0.0,0.0
2018-09-08,94,191,132,317,,0.0,,0.0,0.0,0.0
2018-09-09,89,179,131,318,,0.0,,0.0,0.0,0.0
2018-09-10,96,167,133,320,,0.0,,0.0,0.0,0.0
2018-09-11,121,164,144,323,,0.0,,0.0,0.0,0.0
2018-09-12,135,166,144,322,,0.0,,0.0,0.0,0.0
2018-09-13,100,179,145,316,,3.1,,0.0,0.0,0.0
2018-09-14,100,185,147,316,,3.3,,0.0,0.0,0.0
2018-09-15,100,167,151,318,,0.0,,0.0,0.0,0.0
2018-09-16,98,165,154,319,,0.0,,0.0,0.0,0.0
2018-09-17,103,166,156,317,,0.0,,0.0,0.0,0.0
2018-09-18,111,163,157,315,,0.0,,0.0,0.0,0.0
2018-09-19,120,157,157,315,,0.0,,0.0,0.0,0.0
2018-09-20,110,154,158,315,,0.0,,0.0,0.0,0.0
2018-09-21,93,155,159,316,,4.1,,0.0,0.0,0.0
2018-09-22,99,159,160,314,,0.0,,0.0,0.0,0.0
2018-09-23,90,156,163,316,,34.0,,0.0,0.0,0.0
2018-09-24,95,158,167,318,,1.0,,0.0,0.0,0.0
2018-09-25,119,156,164,322,,0.0,,0.0,0.0,0.0
2018-09-26,127,156,163,316,,0.0,,0.0,0.0,0.0
2018-09-27,88,185,164,316,,0.0,,0.0,0.0,0.0
2018-09-28,95,159,164,321,,0.0,,0.0,0.0,0.0
2018-09-29,90,151,164,320,,0.0,,0.0,0.0,0.0
2018-09-30,83,154,164,319,,0.0,,0.0,0.0,0.0
2018-10-01,110,151,163,319,,0.3,,0.0,0.0,0.0
2018-10-02,85,152,162,318,,1.2,,0.0,0.0,0.0
2018-10-03,91,160,164,320,,1.2,,0.0,0.0,0.0
2018-10-04,91,148,163,325,,0.1,,0.0,0.0,0.0
2018-10-05,108,148,162,324,,0.0,,0.0,0.0,0.0
2018-10-06,104,153,162,320,,0.0,,0.0,0.0,0.0
2018-10-07,107,160,162,322,,0.0,,0.0,0.0,0.0
2018-10-08,141,157,162,321,,0.0,,0.0,0.0,0.0
2018-10-09,99,167,162,322,,0.0,,0.0,0.0,0.0
2018-10-10,147,173,162,323,,0.0,,0.0,0.0,0.0
2018-10-11,123,155,158,321,,0.0,,0.0,0.0,0.0
2018-10-12,135,164,157,322,,0.0,,0.0,0.0,0.0
2018-10-13,131,149,152,319,,0.0,,0.0,0.0,0.0
2018-10-14,137,157,148,318,,0.0,,0.0,0.0,0.0
2018-10-15,143,149,145,320,,0.0,,0.0,0.0,0.0
2018-10-16,130,151,143,322,,0.0,,0.0,0.0,0.0
2018-10-17,155,157,141,319,,0.0,,0.0,0.0,0.0
2018-10-18,159,160,140,322,,0.0,,0.0,0.0,0.0
2018-10-19,165,165,143,320,,0.0,,0.0,0.0,0.0
2018-10-20,121,183,147,315,,0.2,,0.0,0.0,0.0
2018-10-21,130,166,147,318,,0.0,,0.0,0.0,0.0
2018-10-22,137,145,145,317,,1.0,,0.0,0.0,0.0
2018-10-23,134,153,145,318,,16.0,,0.0,0.0,0.0
2018-10-24,146,153,144,321,,2.3,,0.0,0.0,0.0
2018-10-25,143,153,148,322,,0.5,,0.0,0.0,0.0
2018-10-26,181,168,151,322,,0.0,,0.0,0.0,0.0
2018-10-27,106,179,152,319,,0.0,,0.0,0.0,0.0
2018-10-28,115,184,155,319,,19.4,,0.0,0.0,0.0
2018-10-29,171,157,158,321,,0.0,,0.0,0.0,0.0
2018-10-30,172,177,161,323,,0.0,,0.0,0.0,0.0
2018-10-31,176,190,164,320,,0.0,,0.0,0.0,0.0
2018-11-01,140,200,164,318,,0.0,,0.0,0.0,0.0
2018-11-02,198,192,162,317,,9.4,,0.0,0.0,0.0
2018-11-03,85,210,162,319,,0.6,,0.0,0.0,0.0
2018-11-04,89,192,160,318,,0.1,,0.0,0.0,0.0
2018-11-05,126,156,158,318,,0.0,,0.0,0.0,0.0
2018-11-06,112,159,156,318,,0.0,,0.0,0.0,0.0
2018-11-07,114,176,155,317,,0.0,,0.0,0.0,0.0
2018-11-08,120,171,155,317,,0.1,,0.0,0.0,0.0
2018-11-09,120,162,157,320,,0.0,,0.0,0.0,0.0
2018-11-10,122,170,161,317,,0.0,,0.0,0.0,0.0
2018-11-11,78,178,161,318,,0.1,,0.0,0.0,0.0
2018-11-12,102,174,156,318,,0.0,,0.0,0.0,0.0
2018-11-13,102,159,153,316,,2.3,,0.0,0.0,0.0
2018-11-14,90,165,150,320,,0.1,,0.0,0.0,0.0
2018-11-15,101,161,146,320,,0.0,,0.0,0.0,0.0
2018-11-16,100,160,144,321,,0.0,,0.0,0.0,0.0
2018-11-17,100,162,146,320,,0.0,,0.0,0.0,0.0
2018-11-18,95,163,147,319,,2.5,,0.0,0.0,0.0
2018-11-19,112,165,147,319,,0.2,,0.0,0.0,0.0
2018-11-20,141,158,145,319,,2.5,,0.0,0.0,0.0
2018-11-21,161,154,144,318,,0.3,,0.0,0.0,0.0
2018-11-22,147,186,145,319,,0.1,,0.0,0.0,0.0
2018-11-23,131,168,146,320,,0.0,,0.0,0.0,0.0
2018-11-24,182,148,149,318,,0.2,,0.0,0.0,0.0
2018-11-25,177,143,148,319,,0.0,,0.0,0.0,0.0
2018-11-26,161,149,147,318,,0.0,,0.0,0.0,0.0
2018-11-27,148,158,145,318,,0.0,,0.0,0.0,0.0
2018-11-28,142,163,142,319,,0.0,,0.0,0.0,0.0
2018-11-29,157,158,141,318,,0.0,,0.0,0.0,0.0
2018-11-30,168,162,139,318,,0.0,,0.0,0.0,0.0
2018-12-01,127,181,138,317,,0.0,,0.0,0.0,0.0
2018-12-02,125,165,143,316,,3.3,,0.0,0.0,0.0
2018-12-03,135,145,150,317,,2.0,,0.0,0.0,0.0
2018-12-04,147,143,142,319,,1.0,,0.0,0.0,0.0
2018-12-05,142,153,144,320,,0.0,,0.0,0.0,0.0
2018-12-06,152,161,150,322,,0.9,,0.0,0.0,0.0
2018-12-07,179,161,143,321,,5.5,,0.0,0.0,0.0
2018-12-08,188,172,140,319,,1.9,,0.0,0.0,0.0
2018-12-09,127,203,143,318,,3.2,,0.0,0.0,0.0
2018-12-10,162,178,143,319,,5.7,,0.0,0.0,0.0
2018-12-11,167,148,146,322,,3.6,,0.0,0.0,0.0
2018-12-12,180,166,153,324,,0.0,,0.0,0.0,0.0
2018-12-13,160,177,161,323,,0.7,,0.0,0.0,0.0
2018-12-14,136,196,163,320,,0.3,,0.0,0.0,0.0
2018-12-15,165,192,164,322,,0.2,,0.0,0.0,0.0
2018-12-16,144,185,162,320,,0.0,,0.0,0.0,0.0
2018-12-17,99,222,158,321,,0.0,,0.0,0.0,0.0
2018-12-18,110,180,154,319,,0.0,,0.0,0.0,0.0
2018-12-19,140,164,153,321,,0.2,,0.0,0.0,0.0
2018-12-20,115,176,153,318,,1.6,,0.0,0.0,0.0
2018-12-21,115,189,152,317,,7.5,,0.0,0.0,0.0
2018-12-22,96,183,152,319,,2.2,,0.0,0.0,0.0
2018-12-23,99,182,158,319,,3.2,,0.0,0.0,0.0
2018-12-24,106,181,162,324,,0.0,,0.0,0.0,0.0
2018-12-25,155,184,166,324,,1.0,,0.0,0.0,0.0
2018-12-26,180,199,168,326,,0.1,,0.0,0.0,0.0
2018-12-27,165,223,169,321,,0.1,,0.0,0.0,0.0
2018-12-28,187,228,170,321,,0.6,,0.0,0.0,0.0
2018-12-29,205,207,171,322,,2.6,,0.0,0.0,0.0
2018-12-30,221,207,171,324,,4.2,,0.0,0.0,0.0
2018-12-31,234,217,173,324,,0.3,,0.0,0.0,0.0
2019-01-01,247,226,177,324,,3.0,,0.0,0.0,0.0
2019-01-02,258,232,180,322,,1.6,,0.0,0.0,0.0
2019-01-03,234,239,185,321,,1.0,,0.0,0.0,0.0
2019-01-04,245,237,189,321,,6.2,,0.0,0.0,0.0
2019-01-05,243,231,190,320,,1.2,,0.0,0.0,0.0
2019-01-06,219,234,193,318,,0.0,,0.0,0.0,0.0
2019-01-07,246,228,195,322,,4.9,,0.0,0.0,0.0
2019-01-08,247,230,197,320,,4.5,,0.0,0.0,0.0
2019-01-09,236,244,200,318,,3.9,,0.0,0.0,0.0
2019-01-10,234,239,205,318,,0.2,,0.0,0.0,0.0
2019-01-11,240,239,211,321,,1.7,,0.0,0.0,0.0
2019-01-12,235,235,217,320,,3.5,,0.0,0.0,0.0
2019-01-13,240,243,223,320,,5.1,,0.0,0.0,0.0
2019-01-14,286,242,226,314,,1.9,,0.0,0.0,0.0
2019-01-15,277,270,234,309,,4.4,,0.0,0.0,0.0
2019-01-16,293,287,247,306,,0.2,,0.0,0.0,0.0
2019-01-17,284,314,259,301,,0.0,,0.0,0.0,0.0
2019-01-18,305,298,267,310,,0.6,,0.0,0.0,0.0
2019-01-19,299,314,273,307,,0.0,,0.0,0.0,0.0
2019-01-20,284,322,274,300,,0.0,,0.0,0.0,0.0
2019-01-21,255,314,267,294,,0.0,,0.0,0.0,0.0
2019-01-22,256,293,261,299,,0.0,,0.0,0.0,0.0
2019-01-23,250,279,246,295,,0.0,,0.0,0.0,0.0
2019-01-24,247,273,236,294,,0.2,,0.0,0.0,0.0
2019-01-25,233,263,232,291,,0.4,,0.0,0.0,0.0
2019-01-26,239,258,226,290,,3.1,,0.0,0.0,0.0
2019-01-27,241,254,216,291,,0.0,,0.0,0.0,0.0
2019-01-28,242,254,207,292,,0.3,,0.0,0.0,0.0
2019-01-29,240,250,206,293,,0.1,,0.0,0.0,0.0
2019-01-30,240,250,198,293,,0.0,,0.0,0.0,0.0
2019-01-31,237,250,194,293,,0.0,,0.0,0.0,0.0
2019-02-01,233,248,192,291,,0.0,,0.0,0.0,0.0
2019-02-02,226,244,190,289,,0.2,,0.0,0.0,0.0
2019-02-03,232,240,189,293,,7.2,,0.0,0.0,0.0
2019-02-04,299,238,189,308,,0.0,,0.0,0.0,0.0
2019-02-05,302,270,192,309,,0.3,,0.0,0.0,0.0
2019-02-06,299,304,194,305,,0.0,,0.0,0.0,0.0
2019-02-07,270,309,196,299,,1.8,,0.0,0.0,0.0
2019-02-08,278,297,198,298,,0.0,,0.0,0.0,0.0
2019-02-09,255,286,199,295,,0.0,,0.0,0.0,0.0
2019-02-10,259,281,203,293,,1.4,,0.0,0.0,0.0
2019-02-11,264,280,207,294,,1.8,,0.0,0.0,0.0
2019-02-12,280,281,213,298,,0.5,,0.0,0.0,0.0
2019-02-13,303,290,222,305,,0.2,,0.0,0.0,0.0
2019-02-14,288,306,229,300,,0.3,,0.0,0.0,0.0
2019-02-15,289,314,233,295,,0.0,,0.0,0.0,0.0
2019-02-16,268,309,233,294,,0.0,,0.0,0.0,0.0
2019-02-17,278,294,232,295,,0.0,,0.0,0.0,0.0
2019-02-18,276,294,230,293,,0.0,,0.0,0.0,0.0
2019-02-19,264,296,227,290,,0.1,,0.0,0.0,0.0
2019-02-20,278,289,220,291,,0.0,,0.0,0.0,0.0
2019-02-21,270,282,210,292,,5.3,,0.0,0.0,0.0
2019-02-22,276,287,207,294,,0.0,,0.0,0.0,0.0
2019-02-23,288,288,205,302,,0.0,,0.0,0.0,0.0
2019-02-24,331,294,204,314,,0.0,,0.0,0.0,0.0
2019-02-25,293,326,204,301,,0.0,,0.0,0.0,0.0
2019-02-26,282,317,203,294,,0.0,,0.0,0.0,0.0
2019-02-27,282,302,207,293,,0.0,,0.0,0.0,0.0
2019-02-28,262,294,205,289,,0.0,,0.0,0.0,0.0
2019-03-01,239,287,204,293,,0.0,,0.0,0.0,0.0
2019-03-02,240,270,204,300,,0.3,,0.0,0.0,0.0
2019-03-03,285,260,202,306,,0.3,,0.0,0.0,0.0
2019-03-04,303,278,200,311,,0.0,,0.0,0.0,0.0
2019-03-05,277,300,199,307,,0.3,,0.0,0.0,0.0
2019-03-06,277,301,198,307,,0.0,,0.0,0.0,0.0
2019-03-07,286,294,196,308,,0.0,,0.0,0.0,0.0
2019-03-08,276,298,194,305,,0.0,,0.0,0.0,0.0
2019-03-09,264,294,192,304,,7.0,,0.0,0.0,0.0
2019-03-10,265,290,193,306,,8.1,,0.0,0.0,0.0
2019-03-11,269,284,197,305,,3.5,,0.0,0.0,0.0
2019-03-12,309,293,205,313,,0.4,,0.0,0.0,0.0
2019-03-13,318,314,219,312,,0.1,,0.0,0.0,0.0
2019-03-14,296,328,228,305,,2.8,,0.0,0.0,0.0
2019-03-15,281,324,230,302,,0.6,,0.0,0.0,0.0
2019-03-16,287,312,229,302,,3.3,,0.0,0.0,0.0
2019-03-17,281,310,229,303,,0.7,,0.0,0.0,0.0
2019-03-18,306,307,228,304,,0.0,,0.0,0.0,0.0
2019-03-19,309,320,226,300,,0.0,,0.0,0.0,0.0
2019-03-20,307,324,222,299,,0.0,,0.0,0.0,0.0
2019-03-21,296,326,218,295,,0.0,,0.0,0.0,0.0
2019-03-22,277,316,213,295,,0.0,,0.0,0.0,0.0
2019-03-23,287,305,209,296,,0.0,,0.0,0.0,0.0
2019-03-24,261,303,204,294,,0.0,,0.0,0.0,0.0
2019-03-25,270,292,201,293,,0.7,,0.0,0.0,0.0
2019-03-26,259,288,199,294,,1.0,,0.0,0.0,0.0
2019-03-27,242,279,197,293,,1.4,,0.0,0.0,0.0
2019-03-28,253,274,195,293,,0.2,,0.0,0.0,0.0
2019-03-29,233,267,191,294,,0.0,,0.0,0.0,0.0
2019-03-30,237,269,191,297,,0.1,,0.0,0.0,0.0
2019-03-31,218,260,188,294,,0.0,,0.0,0.0,0.0
2019-04-01,250,254,185,294,,0.0,,0.0,0.0,0.0
2019-04-02,224,259,183,293,,0.0,,0.0,0.0,0.0
2019-04-03,241,257,181,294,,0.0,,0.0,0.0,0.0
2019-04-04,240,255,178,294,,0.0,,0.0,0.0,0.0
2019-04-05,227,240,176,293,,0.1,,0.0,0.0,0.0
2019-04-06,232,234,174,293,,0.0,,0.0,0.0,0.0
2019-04-07,244,234,172,294,,0.0,,0.0,0.0,0.0
2019-04-08,250,238,170,293,,0.0,,0.0,0.0,0.0
2019-04-09,218,246,168,294,,0.0,,0.0,0.0,0.0
2019-04-10,225,228,165,296,,0.0,,0.0,0.0,0.0
2019-04-11,245,219,161,298,,0.0,,0.0,0.0,0.0
2019-04-12,268,217,153,298,,0.0,,0.0,0.0,0.0
2019-04-13,237,239,157,298,,6.7,,0.0,0.0,0.0
2019-04-14,233,226,159,298,,0.0,,0.0,0.0,0.0
2019-04-15,260,212,158,299,,0.0,,0.0,0.0,0.0
2019-04-16,244,232,157,297,,0.0,,0.0,0.0,0.0
2019-04-17,253,213,156,300,,0.0,,0.0,0.0,0.0
2019-04-18,224,227,156,299,,0.0,,0.0,0.0,0.0
2019-04-19,230,208,154,308,,0.0,,0.0,0.0,0.0
2019-04-20,232,178,152,312,,0.0,,0.0,0.0,0.0
2019-04-21,107,242,148,310,,0.0,,0.0,0.0,0.0
2019-04-22,72,238,146,311,,0.0,,0.0,0.0,0.0
2019-04-23,98,192,146,310,,0.0,,0.0,0.0,0.0
2019-04-24,97,176,147,311,,0.0,,0.0,0.0,0.0
2019-04-25,91,199,147,312,,0.0,,0.0,0.0,0.0
2019-04-26,102,187,142,313,,0.0,,0.0,0.0,0.0
2019-04-27,96,186,139,313,,0.0,,0.0,0.0,0.0
2019-04-28,109,191,141,315,,2.2,,0.0,0.0,0.0
2019-04-29,117,190,144,318,,3.4,,0.0,0.0,0.0
2019-04-30,169,196,138,319,,0.0,,0.0,0.0,0.0
2019-05-01,201,214,140,325,,0.0,,0.0,0.0,0.0
2019-05-02,251,229,137,330,,0.0,,0.0,0.0,0.0
2019-05-03,223,265,136,324,,0.0,,0.0,0.0,0.0
2019-05-04,215,279,135,322,,5.9,,0.0,0.0,0.0
2019-05-05,201,264,135,319,,0.1,,0.0,0.0,0.0
2019-05-06,177,260,144,318,,0.0,,0.0,0.0,0.0
2019-05-07,166,257,144,317,,0.0,,0.0,0.0,0.0
2019-05-08,162,249,134,317,,1.0,,0.0,0.0,0.0
2019-05-09,124,241,141,319,,16.0,,0.0,0.0,0.0
2019-05-10,110,229,133,319,,0.0,,0.0,0.0,0.0
2019-05-11,136,220,135,321,,7.2,,0.0,0.0,0.0
2019-05-12,154,213,135,321,,7.5,,0.0,0.0,0.0
2019-05-13,140,228,135,320,,0.1,,0.0,0.0,0.0
2019-05-14,132,229,138,322,,3.8,,0.0,0.0,0.0
2019-05-15,183,212,151,322,,4.8,,0.0,0.0,0.0
2019-05-16,203,226,143,327,,0.1,,0.0,0.0,0.0
2019-05-17,241,251,140,331,,0.0,,0.0,0.0,0.0
2019-05-18,233,282,142,325,,0.0,,0.0,0.0,0.0
2019-05-19,251,287,141,323,,0.0,,0.0,0.0,0.0
2019-05-20,234,278,143,324,,0.0,,0.0,0.0,0.0
2019-05-21,207,277,143,322,,12.0,,0.0,0.0,0.0
2019-05-22,235,272,147,325,,21.0,,0.0,0.0,0.0
2019-05-23,322,277,149,336,,1.3,,0.0,0.0,0.0
2019-05-24,433,322,151,360,,0.0,,0.0,0.0,0.0
2019-05-25,465,391,158,378,,0.0,,0.0,0.0,0.0
2019-05-26,488,422,162,387,,0.0,,0.0,0.0,0.0
2019-05-27,403,436,167,349,,12.1,,0.0,0.0,0.0
2019-05-28,300,434,180,322,,4.5,,0.0,0.0,0.0
2019-05-29,308,373,213,326,,0.0,,0.0,0.0,0.0
2019-05-30,342,352,203,335,,0.0,,0.0,0.0,0.0
2019-05-31,376,367,187,342,,0.0,,0.0,0.0,0.0
2019-06-01,313,385,177,326,,0.0,,0.0,0.0,0.0
2019-06-02,291,366,182,324,,0.0,,0.0,0.0,0.0
2019-06-03,271,345,164,325,,0.0,,0.0,0.0,0.0
2019-06-04,235,327,135,319,,0.0,,0.0,0.0,0.0
2019-06-05,182,314,152,315,,0.0,,0.0,0.0,0.0
2019-06-06,195,281,140,321,,0.0,0.0,0.0,0.0,0.0
2019-06-07,188,253,138,321,,0.0,0.0,0.0,0.0,0.0
2019-06-08,169,269,139,326,0.3,0.0,0.7,0.0,0.0,0.0
2019-06-09,199,247,137,328,0.0,0.0,0.0,0.0,0.0,0.0
2019-06-10,169,262,137,325,0.0,0.0,0.0,0.0,0.0,0.0
2019-06-11,175,247,137,325,0.0,0.0,0.0,0.0,0.0,0.0
2019-06-12,149,236,138,322,0.0,0.0,0.0,0.0,0.0,0.0
2019-06-13,156,233,136,324,0.9,0.4,1.8,0.0,0.0,0.0
2019-06-14,147,217,134,324,0.0,0.0,0.0,0.0,0.0,0.0
2019-06-15,140,226,134,323,7.0,3.6,6.5,0.0,0.0,0.0
2019-06-16,143,208,137,327,0.0,0.0,0.0,0.0,0.0,0.0
2019-06-17,163,210,135,329,0.0,0.0,0.0,0.0,0.0,0.0
2019-06-18,124,227,135,323,0.0,0.0,0.0,0.0,0.0,0.0
2019-06-19,124,215,133,325,0.0,0.0,0.0,0.0,0.0,0.0
2019-06-20,149,193,132,327,0.1,0.4,0.0,0.0,0.0,0.0
2019-06-21,139,195,133,323,3.5,0.1,8.4,0.0,0.0,0.0
2019-06-22,142,200,133,325,0.0,0.0,0.0,0.0,0.0,0.0
2019-06-23,181,188,133,330,0.0,0.0,0.0,0.0,0.0,0.0
2019-06-24,146,199,132,327,0.0,0.0,0.0,0.0,0.0,0.0
2019-06-25,121,196,133,329,0.0,0.0,0.0,0.0,0.0,0.0
2019-06-26,134,189,133,326,0.0,0.0,0.0,0.0,0.0,0.0
2019-06-27,98,208,131,325,0.0,0.0,0.0,0.0,0.0,0.0
2019-06-28,139,178,131,330,0.0,0.0,0.0,0.0,0.0,0.0
2019-06-29,145,175,130,330,0.0,0.0,0.0,0.0,0.0,0.0
2019-06-30,134,179,130,329,0.0,0.0,0.0,0.0,0.0,0.0
2019-07-01,178,166,128,329,0.0,0.0,12.3,0.0,0.0,0.0
2019-07-02,132,182,131,327,0.0,0.0,0.0,0.0,0.0,0.0
2019-07-03,112,199,132,325,0.0,0.0,0.0,0.0,0.0,0.0
2019-07-04,101,184,131,321,0.0,0.0,0.0,0.0,0.0,0.0
2019-07-05,96,170,128,318,0.0,0.0,0.0,0.0,0.0,0.0
2019-07-06,95,161,126,320,2.5,5.8,0.0,0.0,0.0,0.0
2019-07-07,95,156,126,322,0.0,0.0,0.0,0.0,0.0,0.0
2019-07-08,93,154,126,321,0.0,0.0,0.0,0.0,0.0,0.0
2019-07-09,92,152,126,323,0.0,0.0,0.0,0.0,0.0,0.0
2019-07-10,93,148,126,323,1.8,6.8,0.7,0.0,0.0,0.0
2019-07-11,111,145,126,326,0.0,0.0,0.0,0.0,0.0,0.0
2019-07-12,107,150,123,329,0.6,1.9,2.6,0.0,0.0,0.0
2019-07-13,116,156,126,328,0.1,4.6,11.8,0.0,0.0,0.0
2019-07-14,113,162,128,329,1.2,2.1,4.5,0.0,0.0,0.0
2019-07-15,136,165,127,331,0.0,0.0,0.0,0.0,0.0,0.0
2019-07-16,141,161,126,330,0.0,0.0,0.0,0.0,0.0,0.0
2019-07-17,145,170,124,331,0.0,0.0,0.0,0.0,0.0,0.0
2019-07-18,165,163,123,329,0.0,0.0,0.0,0.0,0.0,0.0
2019-07-19,132,192,123,325,0.0,0.2,0.6,0.0,0.0,0.0
2019-07-20,142,170,127,325,6.2,6.5,2.1,0.0,0.0,0.0
2019-07-21,156,153,128,325,0.7,1.3,1.1,0.0,0.0,0.0
2019-07-22,178,141,127,325,0.5,0.7,1.7,0.0,0.0,0.0
2019-07-23,185,137,127,326,0.0,0.0,0.0,0.0,0.0,0.0
2019-07-24,187,147,126,329,0.0,0.0,0.0,0.0,0.0,0.0
2019-07-25,185,150,124,323,0.0,0.0,0.0,0.0,0.0,0.0
2019-07-26,182,152,123,324,0.0,0.0,0.0,0.0,0.0,0.0
2019-07-27,186,140,126,324,0.0,0.0,8.4,0.0,0.0,0.0
2019-07-28,185,140,126,323,0.5,0.3,1.4,0.0,0.0,0.0
2019-07-29,182,147,126,324,3.5,0.0,0.3,0.0,0.0,0.0
2019-07-30,187,144,123,324,11.0,0.0,9.4,0.0,0.0,0.0
2019-07-31,189,137,123,327,0.2,9.8,0.0,0.0,0.0,0.0
2019-08-01,202,154,125,328,0.0,0.0,3.2,0.0,0.0,0.0
2019-08-02,232,149,122,330,0.0,0.0,0.1,0.0,0.0,0.0
2019-08-03,240,142,121,328,0.0,0.0,0.0,0.0,0.0,0.0
2019-08-04,197,179,125,327,0.0,0.0,3.8,0.0,0.0,0.0
2019-08-05,181,199,126,328,7.6,0.2,6.6,0.0,0.0,0.0
2019-08-06,189,146,125,326,0.5,0.0,0.1,0.0,0.0,0.0
2019-08-07,187,126,124,325,1.4,9.3,7.4,0.0,0.0,0.0
2019-08-08,194,146,125,328,0.0,0.0,0.0,0.0,0.0,0.0
2019-08-09,189,147,124,326,0.0,0.0,0.0,0.0,0.0,0.0
2019-08-10,208,154,124,327,0.8,0.0,1.1,0.0,0.0,0.0
2019-08-11,206,158,123,329,1.6,2.2,2.5,0.0,0.0,0.0
2019-08-12,184,188,123,328,8.4,1.7,3.1,0.0,0.0,0.0
2019-08-13,183,166,122,328,0.0,0.0,0.0,0.0,0.0,0.0
2019-08-14,185,130,120,334,0.0,0.0,0.0,0.0,0.0,0.0
2019-08-15,203,125,119,329,0.0,0.0,0.0,0.0,0.0,0.0
2019-08-16,198,170,119,330,0.0,0.4,6.0,0.0,0.0,0.0
2019-08-17,222,159,119,329,0.0,0.0,0.0,0.0,0.0,0.0
2019-08-18,183,200,119,327,1.3,7.3,0.5,0.0,0.0,0.0
2019-08-19,182,178,122,327,2.0,8.1,1.4,0.0,0.0,0.0
2019-08-20,187,133,121,326,14.5,14.2,52.0,0.0,0.0,0.0
2019-08-21,199,124,121,327,4.4,0.4,2.5,0.0,0.0,0.0
2019-08-22,194,156,119,330,0.0,0.0,0.0,0.0,0.0,0.0
2019-08-23,209,160,118,330,0.0,0.0,0.0,0.0,0.0,0.0
2019-08-24,235,166,118,326,0.0,0.0,0.0,0.0,0.0,0.0
2019-08-25,238,155,117,326,0.0,0.0,0.0,0.0,0.0,0.0
2019-08-26,234,148,117,325,0.0,0.0,0.4,0.0,0.0,0.0
2019-08-27,237,154,117,326,0.0,0.0,0.0,0.0,0.0,0.0
2019-08-28,247,148,118,331,0.0,0.0,0.0,0.0,0.0,0.0
2019-08-29,247,161,119,331,0.7,11.7,0.0,0.0,0.0,0.0
2019-08-30,236,176,120,322,0.0,0.0,0.0,0.0,0.0,0.0
2019-08-31,236,177,118,326,0.0,0.0,0.0,0.0,0.0,0.0
2019-09-01,250,152,118,329,4.3,26.1,2.9,0.0,0.0,0.0
2019-09-02,268,170,120,324,3.4,1.5,3.7,0.0,0.0,0.0
2019-09-03,99,216,116,329,0.1,0.0,0.1,0.0,0.0,0.0
2019-09-04,148,212,115,335,0.0,0.0,0.0,0.0,0.0,0.0
2019-09-05,139,172,114,323,0.0,0.0,0.0,0.0,0.0,0.0
2019-09-06,138,207,112,323,3.0,1.9,1.6,0.0,0.0,0.0
2019-09-07,101,203,113,326,4.1,4.1,3.3,0.0,0.0,0.0
2019-09-08,104,172,113,322,6.5,15.5,7.6,0.0,0.0,0.0
2019-09-09,135,167,114,330,11.3,7.3,16.2,0.0,0.0,0.0
2019-09-10,223,170,113,340,0.0,0.1,0.0,0.0,0.0,0.0
2019-09-11,272,223,113,338,0.0,0.0,0.0,0.0,0.0,0.0
2019-09-12,184,278,113,327,0.0,0.0,0.0,0.0,0.0,0.0
2019-09-13,162,261,117,325,0.0,0.7,0.0,0.0,0.0,0.0
2019-09-14,144,235,125,322,0.0,0.0,0.0,0.0,0.0,0.0
2019-09-15,129,215,129,318,0.0,0.0,0.0,0.0,0.0,0.0
2019-09-16,130,204,131,319,0.0,0.1,0.0,0.0,0.0,0.0
2019-09-17,117,194,132,321,2.3,4.3,1.9,0.0,0.0,0.0
2019-09-18,112,189,133,325,0.2,0.3,0.6,0.0,0.0,0.0
2019-09-19,97,175,133,324,2.1,0.0,1.2,0.0,0.0,0.0
2019-09-20,121,164,132,323,0.0,0.0,0.0,0.0,0.0,0.0
2019-09-21,119,165,131,323,0.0,0.0,0.0,0.0,0.0,0.0
2019-09-22,133,168,131,321,0.0,0.0,0.0,0.0,0.0,0.0
2019-09-23,139,163,132,321,0.0,0.0,0.0,0.0,0.0,0.0
2019-09-24,138,160,136,320,0.0,0.0,2.0,0.0,0.0,0.0
2019-09-25,166,164,137,328,2.0,7.5,1.1,0.0,0.0,0.0
2019-09-26,191,164,136,333,0.1,0.0,0.0,0.0,0.0,0.0
2019-09-27,168,210,136,324,2.3,5.3,5.0,0.0,0.0,0.0
2019-09-28,170,209,135,326,0.2,2.6,0.3,0.0,0.0,0.0
2019-09-29,146,204,133,321,0.3,2.2,0.2,0.0,0.0,0.0
2019-09-30,119,201,132,320,1.5,3.7,1.6,0.0,0.0,0.0
2019-10-01,145,179,136,322,1.6,0.2,1.4,0.0,0.0,0.0
2019-10-02,180,157,154,320,1.4,6.8,3.6,0.0,0.0,0.0
2019-10-03,118,181,153,320,5.5,3.0,5.9,0.0,0.0,0.0
2019-10-04,101,197,145,321,5.4,1.1,3.0,0.0,0.0,0.0
2019-10-05,117,176,144,322,4.5,2.3,6.2,0.0,0.0,0.0
2019-10-06,111,169,143,318,0.0,0.0,0.0,0.0,0.0,0.0
2019-10-07,117,173,143,321,0.0,0.0,0.0,0.0,0.0,0.0
2019-10-08,114,170,143,319,6.1,4.8,5.7,0.0,0.0,0.0
2019-10-09,117,183,143,322,1.6,6.9,1.0,0.0,0.0,0.0
2019-10-10,156,179,143,321,0.6,1.4,1.0,0.0,0.0,0.0
2019-10-11,177,171,147,327,0.0,0.1,0.0,0.0,0.0,0.0
2019-10-12,176,161,153,328,0.0,0.0,0.0,0.0,0.0,0.0
2019-10-13,201,171,151,327,0.0,0.0,0.0,0.0,0.0,0.0
2019-10-14,214,191,158,325,0.0,0.0,0.0,0.0,0.0,0.0
2019-10-15,117,239,172,321,0.0,0.0,0.0,0.0,0.0,0.0
2019-10-16,101,225,167,320,0.4,1.1,2.5,0.0,0.0,0.0
2019-10-17,94,192,163,320,0.0,0.0,0.0,0.0,0.0,0.0
2019-10-18,100,182,155,320,0.0,0.0,0.0,0.0,0.0,0.0
2019-10-19,95,179,137,320,0.0,0.0,0.0,0.0,0.0,0.0
2019-10-20,84,176,138,320,0.0,0.0,0.0,0.0,0.0,0.0
2019-10-21,86,175,138,321,0.0,0.0,0.0,0.0,0.0,0.0
2019-10-22,83,171,138,323,0.0,0.2,0.0,0.0,0.0,0.0
2019-10-23,90,165,136,322,0.0,0.0,0.1,0.0,0.0,0.0
2019-10-24,94,165,136,322,0.0,0.0,0.0,0.0,0.0,0.0
2019-10-25,80,170,145,322,0.0,0.1,0.0,0.0,0.0,0.0
2019-10-26,143,172,159,321,0.0,0.0,0.0,0.0,0.0,0.0
2019-10-27,181,149,155,322,4.0,3.1,5.8,0.0,0.0,0.0
2019-10-28,156,163,151,321,0.0,0.0,0.0,0.0,0.0,0.0
2019-10-29,128,178,148,320,1.0,0.2,0.0,0.0,0.0,0.0
2019-10-30,84,172,148,320,0.0,0.0,0.0,0.0,0.0,0.0
2019-10-31,80,173,148,322,0.0,0.0,0.0,0.0,0.0,0.0
2019-11-01,81,168,147,322,0.4,1.3,0.0,0.0,0.0,0.0
2019-11-02,86,167,145,323,0.1,0.0,1.0,0.0,0.0,0.0
2019-11-03,89,164,144,323,3.9,7.1,1.2,0.0,0.0,0.0
2019-11-04,82,170,144,322,1.4,0.9,0.5,0.0,0.0,0.0
2019-11-05,67,171,143,323,0.0,0.0,0.0,0.0,0.0,0.0
2019-11-06,65,163,142,323,0.0,0.0,0.0,0.0,0.0,0.0
2019-11-07,76,157,141,323,0.0,0.0,0.0,0.0,0.0,0.0
2019-11-08,85,154,140,322,0.0,0.1,0.0,0.0,0.0,0.0
2019-11-09,68,168,157,322,2.6,4.5,0.5,0.0,0.0,0.0
2019-11-10,128,165,150,321,0.0,0.2,0.0,0.0,0.0,0.0
2019-11-11,168,149,143,322,0.0,0.0,0.0,0.0,0.0,0.0
2019-11-12,221,153,141,323,15.6,11.8,15.3,0.0,0.0,0.0
2019-11-13,224,166,142,322,12.5,12.8,10.0,0.0,0.0,0.0
2019-11-14,245,191,144,322,0.0,0.1,0.0,0.0,0.0,0.0
2019-11-15,244,208,147,322,0.0,0.0,0.0,0.0,0.0,0.0
2019-11-16,257,200,151,322,0.0,0.0,0.0,0.0,0.0,0.0
2019-11-17,246,223,158,321,0.1,0.0,0.0,0.0,0.0,0.0
2019-11-18,249,211,163,324,2.5,2.4,2.0,0.0,0.0,0.0
2019-11-19,244,204,161,321,0.0,0.2,0.0,0.0,0.0,0.0
2019-11-20,244,210,159,320,0.0,0.0,0.0,0.0,0.0,0.0
2019-11-21,233,213,159,320,1.3,3.3,1.5,0.0,0.0,0.0
2019-11-22,242,186,159,321,0.0,0.1,0.0,0.0,0.0,0.0
2019-11-23,246,183,159,324,0.0,0.0,0.0,0.0,0.0,0.0
2019-11-24,246,189,155,323,0.0,0.0,0.0,0.0,0.0,0.0
2019-11-25,204,210,151,322,0.0,0.0,0.0,0.0,0.0,0.0
2019-11-26,201,180,149,322,0.0,0.0,0.0,0.0,0.0,0.0
2019-11-27,220,174,147,323,0.0,0.0,0.0,0.0,0.0,0.0
2019-11-28,213,177,145,325,0.0,0.0,0.0,0.0,0.0,0.0
2019-11-29,201,192,143,321,0.0,1.0,0.1,0.0,0.0,0.0
2019-11-30,201,186,141,322,0.0,0.0,0.0,0.0,0.0,0.0
2019-12-01,185,173,139,320,0.0,0.0,0.0,0.0,0.0,0.0
2019-12-02,219,177,137,322,2.4,1.0,2.4,0.0,0.0,0.0
2019-12-03,213,164,136,323,0.2,0.3,0.2,0.0,0.0,0.0
2019-12-04,193,175,136,322,0.0,0.1,0.0,0.0,0.0,0.0
2019-12-05,191,182,136,322,0.0,0.0,0.0,0.0,0.0,0.0
2019-12-06,204,172,135,322,1.1,2.9,0.2,0.0,0.0,0.0
2019-12-07,192,166,135,323,0.0,0.0,0.1,0.0,0.0,0.0
2019-12-08,212,177,135,323,0.5,0.1,0.1,0.0,0.0,0.0
2019-12-09,177,198,134,322,0.1,0.2,0.0,0.0,0.0,0.0
2019-12-10,169,183,133,325,0.0,0.0,0.0,0.0,0.0,0.0
2019-12-11,155,165,132,325,0.0,0.0,0.0,0.0,0.0,0.0
2019-12-12,144,157,131,326,0.0,0.0,0.0,0.0,0.0,0.0
2019-12-13,199,153,130,331,0.0,0.0,0.0,0.0,0.0,0.0
2019-12-14,252,155,129,330,0.6,0.8,0.5,0.0,0.0,0.0
2019-12-15,254,184,129,328,2.0,1.0,2.0,0.0,0.0,0.0
2019-12-16,271,211,129,327,0.1,0.0,0.6,0.0,0.0,0.0
2019-12-17,210,239,128,327,0.0,0.0,0.0,0.0,0.0,0.0
2019-12-18,228,196,128,325,0.0,0.3,0.0,0.0,0.0,0.0
2019-12-19,229,158,128,324,0.0,0.0,0.1,0.0,0.0,0.0
2019-12-20,214,182,127,323,0.0,0.6,0.0,0.0,0.0,0.0
2019-12-21,212,173,127,325,1.5,0.6,2.4,0.0,0.0,0.0
2019-12-22,229,170,126,324,0.1,0.3,0.4,0.0,0.0,0.0
2019-12-23,238,164,126,323,0.9,0.5,3.2,0.0,0.0,0.0
2019-12-24,254,171,126,320,1.7,2.0,2.0,0.0,0.0,0.0
2019-12-25,306,216,125,333,6.1,1.1,5.3,0.0,0.0,0.0
2019-12-26,302,255,124,329,2.1,1.2,0.4,0.0,0.0,0.0
2019-12-27,280,290,125,324,0.1,0.1,0.9,0.0,0.0,0.0
2019-12-28,284,266,125,324,0.0,0.0,0.0,0.0,0.0,0.0
2019-12-29,268,264,125,321,0.0,0.0,0.0,0.0,0.0,0.0
2019-12-30,263,254,125,320,0.0,0.0,0.0,0.0,0.0,0.0
2019-12-31,270,245,125,320,0.0,0.0,0.0,0.0,0.0,0.0
2020-01-01,247,245,125,320,0.0,0.0,0.0,0.0,0.0,0.0
2020-01-02,256,213,124,319,0.0,0.0,0.0,0.0,0.0,0.0
2020-01-03,245,220,124,321,0.5,0.6,0.7,0.0,0.0,0.0
2020-01-04,249,216,124,321,1.0,2.6,3.7,0.0,0.0,0.0
2020-01-05,249,205,125,322,0.0,0.0,0.0,0.0,0.0,0.0
2020-01-06,245,205,125,320,0.1,0.2,0.4,0.0,0.0,0.0
2020-01-07,247,211,124,322,0.0,0.0,0.0,0.0,0.0,0.0
2020-01-08,245,203,123,320,2.6,4.2,4.3,0.0,0.0,0.0
2020-01-09,245,207,123,322,1.6,5.9,1.3,0.0,0.0,0.0
2020-01-10,247,202,124,321,0.0,0.9,0.2,0.0,0.0,0.0
2020-01-11,246,205,125,323,0.0,0.5,0.1,0.0,0.0,0.0
2020-01-12,249,200,125,324,0.0,0.0,0.0,0.0,0.0,0.0
2020-01-13,250,208,124,316,0.0,0.0,0.0,0.0,0.0,0.0
2020-01-14,256,208,125,309,0.0,0.0,0.0,0.0,0.0,0.0
2020-01-15,240,224,125,321,0.0,0.0,0.0,0.0,0.0,0.0
2020-01-16,239,214,125,319,0.0,0.0,0.0,0.0,0.0,0.0
2020-01-17,244,190,124,321,0.0,0.0,0.0,0.0,0.0,0.0
2020-01-18,243,188,124,321,0.0,0.2,0.3,0.0,0.0,0.0
2020-01-19,244,198,123,320,0.0,0.0,0.3,0.0,0.0,0.0
2020-01-20,242,196,123,320,0.0,0.0,0.0,0.0,0.0,0.0
2020-01-21,249,192,122,322,0.0,0.0,0.0,0.0,0.0,0.0
2020-01-22,248,194,123,320,0.3,0.3,0.0,0.0,0.0,0.0
2020-01-23,245,208,123,321,0.0,0.0,0.0,0.0,0.0,0.0
2020-01-24,243,198,123,320,0.0,0.0,0.0,0.0,0.0,0.0
2020-01-25,242,201,122,319,0.0,0.0,0.0,0.0,0.0,0.0
2020-01-26,241,193,122,318,0.0,0.0,0.0,0.0,0.0,0.0
2020-01-27,240,190,121,320,0.6,0.0,0.7,0.0,0.0,0.0
2020-01-28,241,192,122,322,0.4,3.1,0.5,0.0,0.0,0.0
2020-01-29,244,187,119,321,0.0,0.0,0.2,0.0,0.0,0.0
2020-01-30,242,190,118,323,2.4,2.8,4.3,0.0,0.0,0.0
2020-01-31,243,190,117,323,0.3,0.5,0.5,0.0,0.0,0.0
2020-02-01,242,192,117,322,7.1,2.9,4.3,0.0,0.0,0.0
2020-02-02,245,190,118,322,2.8,1.4,2.6,0.0,0.0,0.0
2020-02-03,247,188,120,322,2.9,2.5,5.2,0.0,0.0,0.0
2020-02-04,264,198,122,317,8.0,3.2,10.0,0.0,0.0,0.0
2020-02-05,274,218,122,316,0.0,0.0,0.0,0.0,0.0,0.0
2020-02-06,342,242,118,330,0.7,1.3,0.9,0.0,0.0,0.0
2020-02-07,304,298,115,322,0.5,0.5,0.8,0.0,0.0,0.0
2020-02-08,295,302,115,320,0.0,0.0,0.0,0.0,0.0,0.0
2020-02-09,264,287,116,319,0.0,1.7,0.4,0.0,0.0,0.0
2020-02-10,286,269,117,316,5.8,5.4,8.1,0.0,0.0,0.0
2020-02-11,268,262,121,315,0.0,0.1,0.0,0.0,0.0,0.0
2020-02-12,273,245,129,318,0.0,0.0,0.0,0.0,0.0,0.0
2020-02-13,272,250,136,316,0.7,0.0,0.5,0.0,0.0,0.0
2020-02-14,271,259,139,319,0.1,0.4,0.2,0.0,0.0,0.0
2020-02-15,264,255,144,324,0.0,0.0,0.0,0.0,0.0,0.0
2020-02-16,268,245,145,323,0.0,0.0,0.0,0.0,0.0,0.0
2020-02-17,268,246,147,320,0.0,0.0,0.0,0.0,0.0,0.0
2020-02-18,260,246,150,320,0.0,0.1,0.0,0.0,0.0,0.0
2020-02-19,269,250,148,321,5.7,5.0,3.1,0.0,0.0,0.0
2020-02-20,262,240,147,321,2.5,3.2,3.2,0.0,0.0,0.0
2020-02-21,295,251,147,323,0.7,0.1,0.7,0.0,0.0,0.0
2020-02-22,267,272,150,321,1.5,0.7,3.0,0.0,0.0,0.0
2020-02-23,283,254,156,319,17.2,19.0,19.2,0.0,0.0,0.0
2020-02-24,282,260,167,319,2.5,4.9,2.5,0.0,0.0,0.0
2020-02-25,281,269,181,320,1.2,5.1,3.0,0.0,0.0,0.0
2020-02-26,301,275,186,323,2.4,3.5,3.2,0.0,0.0,0.0
2020-02-27,291,286,158,320,1.8,1.8,1.6,0.0,0.0,0.0
2020-02-28,290,293,164,321,0.5,0.0,0.3,0.0,0.0,0.0
2020-02-29,278,294,188,321,0.0,0.0,0.0,0.0,0.0,0.0
2020-03-01,273,290,196,323,0.0,0.1,0.0,0.0,0.0,0.0
2020-03-02,276,284,201,321,0.0,0.0,1.9,0.0,0.0,0.0
2020-03-03,270,285,218,321,3.8,6.9,2.9,0.0,0.0,0.0
2020-03-04,287,280,232,324,0.0,0.0,0.0,0.0,0.0,0.0
2020-03-05,288,294,229,323,0.1,0.8,0.0,0.0,0.0,0.0
2020-03-06,289,297,215,324,0.0,1.5,0.0,0.0,0.0,0.0
2020-03-07,278,302,196,320,3.3,0.5,1.2,0.0,0.0,0.0
2020-03-08,287,298,189,321,0.0,0.0,0.0,0.0,0.0,0.0
2020-03-09,272,296,185,320,0.2,0.4,0.0,0.0,0.0,0.0
2020-03-10,269,286,187,320,3.4,6.5,6.0,0.0,0.0,0.0
2020-03-11,274,283,188,321,0.3,0.6,0.3,0.0,0.0,0.0
2020-03-12,262,283,187,319,2.1,0.0,0.9,0.0,0.0,0.0
2020-03-13,290,275,188,326,2.6,0.6,0.5,0.0,0.0,0.0
2020-03-14,295,285,187,322,0.0,0.0,0.0,0.0,0.0,0.0
2020-03-15,280,308,183,320,0.0,0.0,0.0,0.0,0.0,0.0
2020-03-16,270,294,181,319,0.0,0.0,0.0,0.0,0.0,0.0
2020-03-17,245,288,191,317,0.0,0.0,0.0,0.0,0.0,0.0
2020-03-18,220,278,199,318,0.0,0.0,0.0,0.0,0.0,0.0
2020-03-19,215,259,181,320,0.0,0.0,0.0,0.0,0.0,0.0
2020-03-20,217,239,175,322,2.4,2.6,1.8,0.0,0.0,0.0
2020-03-21,217,240,172,321,0.0,0.0,0.0,0.0,0.0,0.0
2020-03-22,214,241,172,320,0.0,0.0,0.0,0.0,0.0,0.0
2020-03-23,224,241,168,322,0.0,0.0,0.0,0.0,0.0,0.0
2020-03-24,203,234,167,322,0.0,0.0,0.0,0.0,0.0,0.0
2020-03-25,148,253,163,325,0.0,0.0,0.0,0.0,0.0,0.0
2020-03-26,167,230,160,324,0.0,0.0,0.0,0.0,0.0,0.0
2020-03-27,183,229,160,324,0.0,0.0,0.0,0.0,0.0,0.0
2020-03-28,208,222,159,323,0.0,0.0,0.0,0.0,0.0,0.0
2020-03-29,208,216,157,323,1.2,1.2,0.6,0.0,0.0,0.0
2020-03-30,209,219,155,323,1.2,2.1,3.0,0.0,0.0,0.0
2020-03-31,202,217,155,324,1.2,0.0,1.9,0.0,0.0,0.0
2020-04-01,202,212,153,324,0.0,0.0,0.0,0.0,0.0,0.0
2020-04-02,198,212,151,324,0.0,0.0,0.0,0.0,0.0,0.0
2020-04-03,211,209,149,325,0.0,0.0,0.0,0.0,0.0,0.0
2020-04-04,204,208,149,324,0.0,0.0,0.0,0.0,0.0,0.0
2020-04-05,198,210,148,320,0.0,0.0,0.0,0.0,0.0,0.0
2020-04-06,182,212,146,321,0.0,0.0,0.0,0.0,0.0,0.0
2020-04-07,192,196,143,324,0.0,0.0,0.0,0.0,0.0,0.0
2020-04-08,194,186,142,325,0.0,0.0,0.0,0.0,0.0,0.0
2020-04-09,237,204,141,324,0.0,0.0,0.0,0.0,0.0,0.0
2020-04-10,256,203,135,325,0.0,0.0,0.0,0.0,0.0,0.0
2020-04-11,275,215,134,325,0.0,0.0,0.0,0.0,0.0,0.0
2020-04-12,253,230,143,323,0.0,0.0,0.0,0.0,0.0,0.0
2020-04-13,185,259,135,322,1.3,1.0,2.9,0.0,0.0,0.0
2020-04-14,218,193,134,320,0.0,0.0,0.0,0.0,0.0,0.0
2020-04-15,242,169,134,323,0.0,0.0,0.0,0.0,0.0,0.0
2020-04-16,223,188,127,322,0.0,0.0,0.0,0.0,0.0,0.0
2020-04-17,218,202,121,321,0.0,0.0,0.0,0.0,0.0,0.0
2020-04-18,240,166,119,324,0.0,0.0,0.0,0.0,0.0,0.0
2020-04-19,251,170,119,325,0.0,0.0,0.0,0.0,0.0,0.0
2020-04-20,254,193,122,324,0.0,0.0,0.0,0.0,0.0,0.0
2020-04-21,186,223,128,322,0.0,0.0,0.0,0.0,0.0,0.0
2020-04-22,209,177,113,324,0.0,0.0,0.0,0.0,0.0,0.0
2020-04-23,221,147,114,323,0.0,0.0,0.0,0.0,0.0,0.0
2020-04-24,211,191,113,323,0.0,0.0,0.0,0.0,0.0,0.0
2020-04-25,178,184,113,322,1.1,0.1,0.0,0.0,0.0,0.0
2020-04-26,170,173,113,324,0.0,0.0,0.0,0.0,0.0,0.0
2020-04-27,169,155,113,323,0.0,0.0,0.0,0.0,0.0,0.0
2020-04-28,196,141,113,328,0.7,0.6,1.1,0.0,0.0,0.0
2020-04-29,218,139,113,319,3.5,0.0,6.7,0.0,0.0,0.0
2020-04-30,211,154,113,323,2.5,2.9,5.0,0.0,0.0,0.0
2020-05-01,227,138,113,329,2.0,1.9,1.9,0.0,0.0,0.0
2020-05-02,226,140,113,330,6.9,3.1,6.3,0.0,0.0,0.0
2020-05-03,226,153,113,330,0.1,0.0,0.3,0.0,0.0,0.0
2020-05-04,227,159,113,328,13.5,17.3,12.6,0.0,0.0,0.0
2020-05-05,237,160,113,325,0.1,0.0,0.6,0.0,0.0,0.0
2020-05-06,177,177,113,325,0.0,0.0,0.0,0.0,0.0,0.0
2020-05-07,113,231,113,324,0.0,0.0,0.0,0.0,0.0,0.0
2020-05-08,106,194,113,317,0.0,0.0,0.0,0.0,0.0,0.0
2020-05-09,107,168,114,321,0.0,0.0,0.9,0.0,0.0,0.0
2020-05-10,110,155,115,321,0.0,0.6,0.8,0.0,0.0,0.0
2020-05-11,118,152,117,320,28.7,25.0,32.3,0.0,0.0,0.0
2020-05-12,152,154,116,317,0.0,0.1,0.1,0.0,0.0,0.0
2020-05-13,170,160,115,313,2.1,0.0,2.0,0.0,0.0,0.0
2020-05-14,230,163,116,318,0.0,0.0,0.0,0.0,0.0,0.0
2020-05-15,247,166,118,323,0.0,0.0,0.0,0.0,0.0,0.0
2020-05-16,253,181,127,320,0.0,0.0,0.0,0.0,0.0,0.0
2020-05-17,210,223,141,318,0.3,0.0,0.0,0.0,0.0,0.0
2020-05-18,226,194,151,322,0.0,0.0,0.0,0.0,0.0,0.0
2020-05-19,233,165,160,322,0.0,0.0,0.0,0.0,0.0,0.0
2020-05-20,222,180,166,321,0.0,0.0,0.0,0.0,0.0,0.0
2020-05-21,224,174,170,322,0.0,0.0,0.0,0.0,0.0,0.0
2020-05-22,225,157,173,323,1.7,4.4,0.6,0.0,0.0,0.0
2020-05-23,217,162,178,321,12.9,8.6,12.8,0.0,0.0,0.0
2020-05-24,251,158,181,321,3.9,0.9,1.2,0.0,0.0,0.0
2020-05-25,269,168,183,319,4.1,0.9,3.4,0.0,0.0,0.0
2020-05-26,244,219,183,322,0.0,0.0,0.0,0.0,0.0,0.0
2020-05-27,247,226,185,322,1.4,3.4,0.5,0.0,0.0,0.0
2020-05-28,257,206,188,326,0.8,0.0,0.9,0.0,0.0,0.0
2020-05-29,180,229,189,322,0.0,0.0,0.0,0.0,0.0,0.0
2020-05-30,251,237,190,329,0.7,1.4,1.4,0.0,0.0,0.0
2020-05-31,277,199,190,325,0.0,0.0,0.0,0.0,0.0,0.0
2020-06-01,296,235,191,326,0.0,0.0,0.0,0.0,0.0,0.0
2020-06-02,347,269,192,350,0.9,3.5,7.0,0.0,0.0,0.0
2020-06-03,300,302,192,332,0.0,0.0,0.0,0.0,0.0,0.0
2020-06-04,274,297,193,328,14.8,6.1,7.9,0.0,0.0,0.0
2020-06-05,266,265,195,324,9.2,9.9,11.4,0.0,0.0,0.0
2020-06-06,258,246,195,322,1.8,0.9,2.4,0.0,0.0,0.0
2020-06-07,251,234,195,324,18.0,7.0,26.9,0.0,0.0,0.0
2020-06-08,265,219,196,326,0.1,0.0,0.1,0.0,0.0,0.0
2020-06-09,272,227,197,328,0.0,0.0,0.0,0.0,0.0,0.0
2020-06-10,291,239,197,326,0.0,0.0,0.0,0.0,0.0,0.0
2020-06-11,278,261,193,326,0.0,0.5,0.0,0.0,0.0,0.0
2020-06-12,270,256,182,321,0.0,0.0,0.0,0.0,0.0,0.0
2020-06-13,273,258,174,323,2.3,0.0,0.0,0.0,0.0,0.0
2020-06-14,269,234,173,321,0.0,0.0,0.0,0.0,0.0,0.0
2020-06-15,265,247,177,320,0.0,0.0,0.0,0.0,0.0,0.0
2020-06-16,257,238,198,323,0.0,0.0,0.0,0.0,0.0,0.0
2020-06-17,256,228,212,323,0.0,0.5,0.3,0.0,0.0,0.0
2020-06-18,256,220,217,323,36.5,58.4,38.6,0.0,0.0,0.0
2020-06-19,308,222,223,320,8.4,3.4,11.8,0.0,0.0,0.0
2020-06-20,341,264,201,339,16.3,2.8,8.7,0.0,0.0,0.0
2020-06-21,448,328,177,379,0.2,1.7,1.6,0.0,0.0,0.0
2020-06-22,482,389,161,399,0.0,0.0,0.0,0.0,0.0,0.0
2020-06-23,521,419,144,419,0.0,0.6,0.9,0.0,0.0,0.0
2020-06-24,548,436,162,433,18.2,8.3,27.2,0.0,0.0,0.0
2020-06-25,578,453,194,442,0.0,0.0,0.0,0.0,0.0,0.0
2020-06-26,549,471,211,417,3.6,2.9,0.7,0.0,0.0,0.0
2020-06-27,437,486,234,375,15.3,1.6,1.2,0.0,0.0,0.0
2020-06-28,460,481,234,381,4.0,4.5,4.7,0.0,0.0,0.0
2020-06-29,515,454,228,402,13.5,4.1,17.2,0.0,0.0,0.0
2020-06-30,527,456,225,398,0.0,0.0,0.0,0.0,0.0,0.0
2020-07-01,511,470,222,396,0.0,9.7,0.0,0.0,0.0,0.0
2020-07-02,509,477,223,403,8.0,0.1,0.8,0.0,0.0,0.0
2020-07-03,452,477,224,390,0.0,0.0,0.0,0.0,0.0,0.0
2020-07-04,441,469,229,371,0.0,0.0,0.0,0.0,0.0,0.0
2020-07-05,422,449,230,355,0.0,0.0,0.0,0.0,0.0,0.0
2020-07-06,375,438,230,354,0.0,0.0,0.0,0.0,0.0,0.0
2020-07-07,361,414,234,365,0.0,0.5,0.0,0.0,0.0,0.0
2020-07-08,352,393,230,367,2.1,0.0,1.7,0.0,0.0,0.0
2020-07-09,365,375,224,362,0.2,0.0,0.0,0.0,0.0,0.0
2020-07-10,349,364,219,359,0.0,0.0,2.0,0.0,0.0,0.0
2020-07-11,348,359,214,359,0.0,0.0,0.7,0.0,0.0,0.0
2020-07-12,323,352,210,350,0.0,0.0,0.0,0.0,0.0,0.0
2020-07-13,354,337,205,371,0.0,0.0,0.0,0.0,0.0,0.0
2020-07-14,280,354,201,355,0.0,0.0,0.0,0.0,0.0,0.0
2020-07-15,263,346,196,347,10.5,7.3,2.3,0.0,0.0,0.0
2020-07-16,297,317,193,343,8.1,2.0,6.2,0.0,0.0,0.0
2020-07-17,301,299,192,340,0.0,0.0,0.2,0.0,0.0,0.0
2020-07-18,286,302,192,336,0.0,0.0,0.0,0.0,0.0,0.0
2020-07-19,316,291,191,344,0.0,0.0,0.0,0.0,0.0,0.0
2020-07-20,315,301,192,341,12.5,5.4,3.3,0.0,0.0,0.0
2020-07-21,309,320,194,341,0.0,0.0,0.0,0.0,0.0,0.0
2020-07-22,299,306,194,339,0.0,0.0,0.0,0.0,0.0,0.0
2020-07-23,296,304,194,335,0.0,0.0,0.0,0.0,0.0,0.0
2020-07-24,281,300,192,332,0.0,0.0,6.0,0.0,0.0,0.0
2020-07-25,284,287,191,334,0.0,0.0,0.0,0.0,0.0,0.0
2020-07-26,273,272,189,331,0.4,9.8,2.8,0.0,0.0,0.0
2020-07-27,272,269,186,329,0.0,0.0,0.0,0.0,0.0,0.0
2020-07-28,274,262,183,330,1.1,0.0,3.7,0.0,0.0,0.0
2020-07-29,264,251,180,325,0.0,0.0,0.0,0.0,0.0,0.0
2020-07-30,261,255,178,324,0.0,0.0,0.0,0.0,0.0,0.0
2020-07-31,248,241,174,322,0.0,0.0,0.0,0.0,0.0,0.0
2020-08-01,253,230,171,322,0.0,0.0,0.0,0.0,0.0,0.0
2020-08-02,250,223,169,323,6.7,9.2,1.7,0.0,0.0,0.0
2020-08-03,257,216,170,322,17.3,21.5,63.7,0.0,0.0,0.0
2020-08-04,259,223,170,323,7.0,2.5,4.5,0.0,0.0,0.0
2020-08-05,262,235,169,326,0.0,0.0,0.0,0.0,0.0,0.0
2020-08-06,305,238,178,328,0.0,0.0,0.0,0.0,0.0,0.0
2020-08-07,283,269,191,325,0.0,0.0,0.0,0.0,0.0,0.0
2020-08-08,264,275,204,329,0.0,0.0,0.0,0.0,0.0,0.0
2020-08-09,256,249,216,324,0.0,0.0,0.0,0.0,0.0,0.0
2020-08-10,256,237,227,326,0.0,0.0,0.0,0.0,0.0,0.0
2020-08-11,259,229,236,326,0.6,0.0,0.0,0.0,0.0,0.0
2020-08-12,263,219,242,324,0.0,0.0,0.0,0.0,0.0,0.0
2020-08-13,274,210,246,329,0.0,0.0,0.0,0.0,0.0,0.0
2020-08-14,272,216,248,329,0.0,0.0,0.0,0.0,0.0,0.0
2020-08-15,261,230,251,328,0.5,0.0,0.0,0.0,0.0,0.0
2020-08-16,169,262,255,324,0.0,0.0,0.0,0.0,0.0,0.0
2020-08-17,117,246,256,326,1.0,0.0,0.0,0.0,0.0,0.0
2020-08-18,132,206,253,329,0.2,4.3,2.9,0.0,0.0,0.0
2020-08-19,162,188,250,322,0.3,1.4,1.5,0.0,0.0,0.0
2020-08-20,266,207,249,337,0.0,0.0,0.0,0.0,0.0,0.0
2020-08-21,398,261,248,381,0.0,0.0,0.0,0.0,0.0,0.0
2020-08-22,327,360,242,350,2.0,3.2,2.6,0.0,0.0,0.0
2020-08-23,225,364,231,327,0.0,0.0,0.2,0.0,0.0,0.0
2020-08-24,253,306,221,321,0.0,0.9,0.8,0.0,0.0,0.0
2020-08-25,277,266,217,320,0.0,0.0,0.0,0.0,0.0,0.0
2020-08-26,268,268,216,323,1.8,12.6,0.3,0.0,0.0,0.0
2020-08-27,249,247,216,321,0.0,0.0,0.0,0.0,0.0,0.0
2020-08-28,255,232,217,322,6.3,9.0,3.3,0.0,0.0,0.0
2020-08-29,247,221,220,328,5.1,2.7,13.0,0.0,0.0,0.0
2020-08-30,261,210,224,330,16.6,31.5,1.1,0.0,0.0,0.0
2020-08-31,261,223,231,327,4.4,0.5,1.4,0.0,0.0,0.0
2020-09-01,266,234,233,325,8.6,1.5,16.1,0.0,0.0,0.0
2020-09-02,290,235,235,328,0.0,0.5,0.0,0.0,0.0,0.0
2020-09-03,387,261,236,377,0.0,2.2,0.0,0.0,0.0,0.0
2020-09-04,387,333,230,374,0.2,0.3,0.0,0.0,0.0,0.0
2020-09-05,339,368,204,360,3.2,11.2,13.1,0.0,0.0,0.0
2020-09-06,327,341,213,357,0.0,0.0,0.0,0.0,0.0,0.0
2020-09-07,336,327,225,358,0.0,0.0,0.0,0.0,0.0,0.0
2020-09-08,383,328,238,371,0.0,0.0,0.0,0.0,0.0,0.0
2020-09-09,375,359,236,369,0.0,0.0,0.0,0.0,0.0,0.0
2020-09-10,331,367,234,359,0.3,0.0,0.0,0.0,0.0,0.0
2020-09-11,300,338,234,345,0.0,0.0,0.0,0.0,0.0,0.0
2020-09-12,301,310,233,334,0.0,0.0,0.0,0.0,0.0,0.0
2020-09-13,282,295,233,332,0.0,0.0,0.0,0.0,0.0,0.0
2020-09-14,276,282,233,326,0.0,0.0,0.0,0.0,0.0,0.0
2020-09-15,270,272,237,323,0.0,0.0,0.0,0.0,0.0,0.0
2020-09-16,269,257,251,324,0.0,0.0,0.0,0.0,0.0,0.0
2020-09-17,279,252,263,324,0.0,0.0,0.0,0.0,0.0,0.0
2020-09-18,255,260,265,319,0.0,0.0,0.0,0.0,0.0,0.0
2020-09-19,254,249,234,318,0.0,0.0,0.0,0.0,0.0,0.0
2020-09-20,249,234,200,321,0.0,0.0,0.0,0.0,0.0,0.0
2020-09-21,250,216,186,319,0.0,0.0,0.0,0.0,0.0,0.0
2020-09-22,257,220,188,314,0.0,0.0,0.0,0.0,0.0,0.0
2020-09-23,252,220,195,313,0.0,0.0,0.0,0.0,0.0,0.0
2020-09-24,256,216,200,317,0.0,0.0,0.0,0.0,0.0,0.0
2020-09-25,246,230,208,310,24.4,20.0,19.1,0.0,0.0,0.0
2020-09-26,264,224,223,315,26.0,23.6,27.7,0.0,0.0,0.0
2020-09-27,292,204,238,328,0.0,0.0,0.0,0.0,0.0,0.0
2020-09-28,335,265,242,345,14.5,5.6,17.7,0.0,0.0,0.0
2020-09-29,301,315,234,324,1.5,0.8,0.3,0.0,0.0,0.0
2020-09-30,301,304,231,326,0.3,0.2,1.7,0.0,0.0,0.0
2020-10-01,344,294,236,358,1.1,0.3,3.7,0.0,0.0,0.0
2020-10-02,392,330,244,361,0.0,0.0,0.1,0.0,0.0,0.0
2020-10-03,449,365,238,372,0.0,0.0,1.4,0.0,0.0,0.0
2020-10-04,481,399,234,383,2.5,4.2,6.1,0.0,0.0,0.0
2020-10-05,432,424,233,359,4.9,2.1,3.5,0.0,0.0,0.0
2020-10-06,432,426,221,359,0.7,1.6,0.6,0.0,0.0,0.0
2020-10-07,414,414,216,346,0.1,0.0,0.0,0.0,0.0,0.0
2020-10-08,401,411,213,341,0.0,0.0,0.0,0.0,0.0,0.0
2020-10-09,369,400,213,341,0.0,0.2,0.0,0.0,0.0,0.0
2020-10-10,351,382,212,338,4.0,3.0,1.4,0.0,0.0,0.0
2020-10-11,336,364,211,336,2.8,0.0,11.7,0.0,0.0,0.0
2020-10-12,349,349,210,334,1.1,0.0,2.8,0.0,0.0,0.0
2020-10-13,396,347,210,337,39.2,45.0,44.7,0.0,0.0,0.0
2020-10-14,504,375,219,373,7.1,5.9,5.1,0.0,0.0,0.0
2020-10-15,544,426,223,396,0.2,0.2,0.0,0.0,0.0,0.0
2020-10-16,590,457,227,414,2.3,0.4,2.1,0.0,0.0,0.0
2020-10-17,652,482,238,450,3.6,0.4,3.2,0.0,0.0,0.0
2020-10-18,695,504,255,476,3.0,1.5,0.8,0.0,0.0,0.0
2020-10-19,722,523,265,484,0.9,0.0,0.3,0.0,0.0,0.0
2020-10-20,720,536,269,481,0.0,0.0,0.0,0.0,0.0,0.0
2020-10-21,717,545,271,482,0.0,0.0,0.0,0.0,0.0,0.0
2020-10-22,717,554,272,481,0.0,0.1,0.1,0.0,0.0,0.0
2020-10-23,701,557,271,466,0.8,1.6,2.6,0.0,0.0,0.0
2020-10-24,621,557,270,423,0.0,0.2,0.0,0.0,0.0,0.0
2020-10-25,536,551,267,402,0.2,0.1,0.0,0.0,0.0,0.0
2020-10-26,489,528,264,397,0.0,0.0,0.0,0.0,0.0,0.0
2020-10-27,470,498,259,391,0.0,0.1,0.1,0.0,0.0,0.0
2020-10-28,455,472,255,390,0.0,0.0,0.0,0.0,0.0,0.0
2020-10-29,430,454,252,375,0.0,0.5,1.4,0.0,0.0,0.0
2020-10-30,376,439,249,358,12.0,14.1,15.7,0.0,0.0,0.0
2020-10-31,431,410,247,371,0.3,0.1,0.3,0.0,0.0,0.0
2020-11-01,419,417,246,376,2.8,3.0,2.9,0.0,0.0,0.0
2020-11-02,438,427,246,373,1.7,3.2,0.9,0.0,0.0,0.0
2020-11-03,415,422,246,360,7.7,1.2,10.9,0.0,0.0,0.0
2020-11-04,408,423,247,356,0.6,0.1,0.2,0.0,0.0,0.0
2020-11-05,431,414,248,361,0.0,0.0,0.0,0.0,0.0,0.0
2020-11-06,485,419,249,385,0.0,0.0,0.0,0.0,0.0,0.0
2020-11-07,469,438,250,381,0.0,0.0,0.0,0.0,0.0,0.0
2020-11-08,436,449,252,370,0.0,0.0,0.0,0.0,0.0,0.0
2020-11-09,426,438,252,365,0.4,0.1,0.2,0.0,0.0,0.0
2020-11-10,399,425,253,353,0.0,0.3,0.0,0.0,0.0,0.0
2020-11-11,379,411,252,341,0.0,0.0,0.0,0.0,0.0,0.0
2020-11-12,360,397,250,335,0.0,0.0,0.0,0.0,0.0,0.0
2020-11-13,369,384,248,331,0.0,0.0,0.0,0.0,0.0,0.0
2020-11-14,352,380,246,324,0.0,0.0,0.0,0.0,0.0,0.0
2020-11-15,347,373,244,324,0.0,0.0,0.0,0.0,0.0,0.0
2020-11-16,360,367,242,324,1.3,3.8,0.8,0.0,0.0,0.0
2020-11-17,311,369,239,324,0.5,0.3,0.1,0.0,0.0,0.0
2020-11-18,331,345,238,326,0.1,0.0,0.0,0.0,0.0,0.0
2020-11-19,335,346,236,330,0.6,0.5,0.0,0.0,0.0,0.0
2020-11-20,332,350,234,327,0.0,0.0,0.0,0.0,0.0,0.0
2020-11-21,319,352,233,326,0.0,0.0,0.0,0.0,0.0,0.0
2020-11-22,313,345,231,325,0.0,0.1,0.0,0.0,0.0,0.0
2020-11-23,311,343,228,326,0.2,0.0,0.4,0.0,0.0,0.0
2020-11-24,307,340,223,327,0.0,0.0,0.0,0.0,0.0,0.0
2020-11-25,300,338,215,328,0.0,0.0,0.0,0.0,0.0,0.0
2020-11-26,292,339,211,324,0.7,0.7,0.1,0.0,0.0,0.0
2020-11-27,276,333,209,325,0.5,1.1,0.6,0.0,0.0,0.0
2020-11-28,282,323,207,326,0.3,0.1,0.5,0.0,0.0,0.0
2020-11-29,282,320,203,326,6.3,3.5,3.1,0.0,0.0,0.0
2020-11-30,299,319,200,324,0.0,0.0,0.0,0.0,0.0,0.0
2020-12-01,286,332,198,324,0.0,0.0,0.0,0.0,0.0,0.0
2020-12-02,282,322,196,325,0.0,0.0,0.0,0.0,0.0,0.0
2020-12-03,281,319,194,325,1.5,2.9,2.8,0.0,0.0,0.0
2020-12-04,274,316,192,323,0.0,0.0,0.0,0.0,0.0,0.0
2020-12-05,260,312,191,323,0.0,0.0,0.0,0.0,0.0,0.0
2020-12-06,263,303,189,323,0.0,0.0,0.0,0.0,0.0,0.0
2020-12-07,259,299,187,323,0.0,0.0,0.0,0.0,0.0,0.0
2020-12-08,254,296,186,319,0.0,0.0,0.0,0.0,0.0,0.0
2020-12-09,237,297,184,321,0.0,0.0,0.0,0.0,0.0,0.0
2020-12-10,242,272,184,320,0.0,0.0,0.0,0.0,0.0,0.0
2020-12-11,252,277,182,320,0.0,0.0,0.0,0.0,0.0,0.0
2020-12-12,238,281,180,320,0.0,0.0,0.0,0.0,0.0,0.0
2020-12-13,233,275,178,320,0.0,0.1,0.0,0.0,0.0,0.0
2020-12-14,246,265,177,321,0.0,0.0,0.0,0.0,0.0,0.0
2020-12-15,237,277,175,322,0.0,0.3,0.0,0.0,0.0,0.0
2020-12-16,230,265,174,320,0.0,0.0,0.0,0.0,0.0,0.0
2020-12-17,260,266,172,317,0.0,0.0,0.0,0.0,0.0,0.0
2020-12-18,230,274,171,318,0.0,0.0,0.0,0.0,0.0,0.0
2020-12-19,231,273,170,321,0.0,0.0,0.0,0.0,0.0,0.0
2020-12-20,233,256,168,320,0.0,0.0,0.0,0.0,0.0,0.0
2020-12-21,222,263,166,316,0.3,1.6,0.0,0.0,0.0,0.0
2020-12-22,229,252,166,317,6.2,3.9,5.7,0.0,0.0,0.0
2020-12-23,223,249,166,320,4.3,4.8,3.3,0.0,0.0,0.0
2020-12-24,219,253,170,319,3.3,2.2,1.0,0.0,0.0,0.0
2020-12-25,216,247,172,322,1.1,0.0,0.5,0.0,0.0,0.0
2020-12-26,255,239,173,321,0.0,0.0,0.0,0.0,0.0,0.0
2020-12-27,238,261,176,318,0.0,0.0,0.0,0.0,0.0,0.0
2020-12-28,238,271,178,320,2.1,1.2,3.6,0.0,0.0,0.0
2020-12-29,237,265,180,322,0.0,0.0,0.0,0.0,0.0,0.0
2020-12-30,233,266,180,320,0.0,0.0,0.0,0.0,0.0,0.0
2020-12-31,259,265,180,322,0.0,0.0,0.0,0.0,0.0,0.0
2021-01-01,287,280,181,324,0.0,0.0,0.0,0.0,0.0,0.0
2021-01-02,271,297,182,320,2.0,2.2,2.7,0.0,0.0,0.0
2021-01-03,270,307,181,319,7.5,7.7,3.7,0.0,0.0,0.0
2021-01-04,262,303,180,317,0.1,0.0,0.3,0.0,0.0,0.0
2021-01-05,258,300,181,317,4.9,7.6,4.7,0.0,0.0,0.0
2021-01-06,271,298,183,320,1.8,2.8,4.3,0.0,0.0,0.0
2021-01-07,288,308,187,320,1.0,0.1,0.7,0.0,0.0,0.0
2021-01-08,278,319,192,322,0.4,0.4,0.0,0.0,0.0,0.0
2021-01-09,301,321,198,326,0.4,0.6,0.0,0.0,0.0,0.0
2021-01-10,290,333,203,321,0.1,0.0,0.8,0.0,0.0,0.0
2021-01-11,287,332,207,319,0.0,0.0,0.0,0.0,0.0,0.0
2021-01-12,276,326,208,319,2.4,5.2,1.8,0.0,0.0,0.0
2021-01-13,274,321,209,320,4.5,2.9,7.1,0.0,0.0,0.0
2021-01-14,267,315,209,317,2.0,2.6,1.0,0.0,0.0,0.0
2021-01-15,264,315,208,318,2.2,1.0,1.5,0.0,0.0,0.0
2021-01-16,264,302,208,320,1.2,0.3,1.4,0.0,0.0,0.0
2021-01-17,255,308,208,318,0.0,0.0,0.0,0.0,0.0,0.0
2021-01-18,243,296,202,318,2.6,2.7,3.7,0.0,0.0,0.0
2021-01-19,251,288,208,321,2.1,2.2,2.1,0.0,0.0,0.0
2021-01-20,255,288,205,321,0.0,0.0,0.0,0.0,0.0,0.0
2021-01-21,261,293,204,324,0.0,0.0,0.0,0.0,0.0,0.0
2021-01-22,281,302,209,324,0.0,0.0,0.0,0.0,0.0,0.0
2021-01-23,312,317,216,323,0.0,1.7,0.0,0.0,0.0,0.0
2021-01-24,342,345,223,326,1.8,2.2,1.5,0.0,0.0,0.0
2021-01-25,353,366,229,328,0.3,0.2,0.4,0.0,0.0,0.0
2021-01-26,367,376,233,327,0.4,0.6,0.2,0.0,0.0,0.0
2021-01-27,339,384,235,328,0.0,0.7,0.0,0.0,0.0,0.0
2021-01-28,329,375,236,325,1.7,0.6,2.3,0.0,0.0,0.0
2021-01-29,319,368,236,329,4.6,3.2,5.3,0.0,0.0,0.0
2021-01-30,320,360,235,324,1.8,0.9,1.3,0.0,0.0,0.0
2021-01-31,319,359,232,318,0.0,0.0,0.0,0.0,0.0,0.0
2021-02-01,319,357,229,317,0.0,0.0,0.0,0.0,0.0,0.0
2021-02-02,297,354,225,315,1.6,3.7,0.7,0.0,0.0,0.0
2021-02-03,273,342,219,317,3.5,6.0,3.3,0.0,0.0,0.0
2021-02-04,282,327,219,320,1.1,1.4,0.8,0.0,0.0,0.0
2021-02-05,333,331,222,329,0.5,0.0,0.6,0.0,0.0,0.0
2021-02-06,350,361,225,329,2.8,0.9,1.9,0.0,0.0,0.0
2021-02-07,337,380,228,325,5.1,7.0,8.6,0.0,0.0,0.0
2021-02-08,322,371,225,337,1.6,1.3,1.5,0.0,0.0,0.0
2021-02-09,317,357,228,336,0.4,1.3,2.0,0.0,0.0,0.0
2021-02-10,316,358,234,336,0.2,0.2,0.0,0.0,0.0,0.0
2021-02-11,299,356,238,332,0.1,0.0,0.3,0.0,0.0,0.0
2021-02-12,297,348,256,336,0.2,0.1,0.6,0.0,0.0,0.0
2021-02-13,296,339,264,337,0.0,0.0,0.0,0.0,0.0,0.0
2021-02-14,286,338,256,339,0.0,0.0,0.0,0.0,0.0,0.0
2021-02-15,288,331,251,339,1.7,1.3,2.5,0.0,0.0,0.0
2021-02-16,287,331,237,332,2.0,1.7,1.9,0.0,0.0,0.0
2021-02-17,281,332,224,325,3.0,2.3,1.3,0.0,0.0,0.0
2021-02-18,295,329,216,325,0.0,1.9,0.0,0.0,0.0,0.0
2021-02-19,330,341,219,330,0.0,0.0,0.1,0.0,0.0,0.0
2021-02-20,373,367,227,341,0.0,0.0,0.3,0.0,0.0,0.0
2021-02-21,387,393,240,339,0.0,0.0,0.0,0.0,0.0,0.0
2021-02-22,382,406,251,337,0.0,0.0,0.0,0.0,0.0,0.0
2021-02-23,384,405,256,342,0.0,0.0,0.0,0.0,0.0,0.0
2021-02-24,412,404,258,352,0.0,0.0,0.0,0.0,0.0,0.0
2021-02-25,417,413,257,353,0.0,0.0,0.0,0.0,0.0,0.0
2021-02-26,408,420,254,349,0.0,0.8,0.2,0.0,0.0,0.0
2021-02-27,406,419,250,349,0.0,0.0,0.0,0.0,0.0,0.0
2021-02-28,403,415,246,348,0.0,0.0,0.0,0.0,0.0,0.0
2021-03-01,400,413,240,346,0.0,0.0,0.0,0.0,0.0,0.0
2021-03-02,382,410,235,338,0.0,0.0,0.0,0.0,0.0,0.0
2021-03-03,351,401,229,330,0.0,0.0,0.0,0.0,0.0,0.0
2021-03-04,349,384,225,324,1.1,1.1,0.4,0.0,0.0,0.0
2021-03-05,335,376,222,322,0.4,0.1,0.0,0.0,0.0,0.0
2021-03-06,329,368,220,324,0.0,0.0,0.0,0.0,0.0,0.0
2021-03-07,348,361,216,328,0.7,0.8,1.2,0.0,0.0,0.0
2021-03-08,318,368,213,323,0.2,0.0,0.0,0.0,0.0,0.0
2021-03-09,289,357,209,322,0.0,0.0,0.0,0.0,0.0,0.0
2021-03-10,305,331,206,322,0.0,0.0,0.0,0.0,0.0,0.0
2021-03-11,296,342,204,319,3.2,3.9,1.0,0.0,0.0,0.0
2021-03-12,281,335,203,321,1.6,2.0,2.5,0.0,0.0,0.0
2021-03-13,280,324,204,322,0.0,0.8,0.6,0.0,0.0,0.0
2021-03-14,278,322,205,321,1.8,0.6,0.2,0.0,0.0,0.0
2021-03-15,292,317,205,320,1.3,1.1,1.1,0.0,0.0,0.0
2021-03-16,282,323,204,319,3.7,7.5,1.9,0.0,0.0,0.0
2021-03-17,279,327,203,319,0.2,0.2,0.0,0.0,0.0,0.0
2021-03-18,275,319,204,318,0.1,0.0,1.1,0.0,0.0,0.0
2021-03-19,275,318,206,320,2.7,4.2,2.4,0.0,0.0,0.0
2021-03-20,268,317,206,320,0.0,0.1,0.0,0.0,0.0,0.0
2021-03-21,272,316,207,320,3.5,4.9,6.2,0.0,0.0,0.0
2021-03-22,279,314,208,319,0.0,0.1,0.0,0.0,0.0,0.0
2021-03-23,263,316,208,318,0.1,0.0,0.0,0.0,0.0,0.0
2021-03-24,258,311,208,319,0.0,0.0,0.0,0.0,0.0,0.0
2021-03-25,256,303,210,319,0.0,0.2,0.0,0.0,0.0,0.0
2021-03-26,268,302,209,321,0.0,0.0,0.0,0.0,0.0,0.0
2021-03-27,259,310,206,319,1.0,1.0,0.5,0.0,0.0,0.0
2021-03-28,261,304,203,322,0.0,0.0,0.0,0.0,0.0,0.0
2021-03-29,266,299,201,322,0.1,0.4,0.2,0.0,0.0,0.0
2021-03-30,263,301,198,324,0.0,0.0,0.0,0.0,0.0,0.0
2021-03-31,266,300,196,324,0.0,0.0,0.0,0.0,0.0,0.0
2021-04-01,273,306,195,322,3.1,1.4,2.7,0.0,0.0,0.0
2021-04-02,273,306,193,322,1.1,0.1,1.4,0.0,0.0,0.0
2021-04-03,274,308,191,321,3.3,0.8,0.8,0.0,0.0,0.0
2021-04-04,265,309,189,321,0.0,0.0,0.0,0.0,0.0,0.0
2021-04-05,271,303,186,321,4.0,5.2,4.8,0.0,0.0,0.0
2021-04-06,276,303,186,321,0.0,0.5,0.2,0.0,0.0,0.0
2021-04-07,258,309,186,320,1.1,2.4,1.4,0.0,0.0,0.0
2021-04-08,270,297,184,322,0.2,0.1,0.0,0.0,0.0,0.0
2021-04-09,257,301,185,318,0.0,0.0,0.0,0.0,0.0,0.0
2021-04-10,259,298,185,320,0.0,0.0,0.0,0.0,0.0,0.0
2021-04-11,260,293,184,320,0.0,0.0,0.0,0.0,0.0,0.0
2021-04-12,259,296,182,322,2.5,2.5,8.2,0.0,0.0,0.0
2021-04-13,261,293,179,322,0.0,0.0,0.0,0.0,0.0,0.0
2021-04-14,260,292,176,321,0.3,0.1,0.0,0.0,0.0,0.0
2021-04-15,293,296,176,322,12.5,10.7,10.5,0.0,0.0,0.0
2021-04-16,316,318,178,326,3.8,2.9,4.8,0.0,0.0,0.0
2021-04-17,351,340,185,330,0.4,1.9,0.1,0.0,0.0,0.0
2021-04-18,344,365,195,326,0.0,4.6,0.0,0.0,0.0,0.0
2021-04-19,348,370,207,328,8.7,2.5,0.9,0.0,0.0,0.0
2021-04-20,354,368,227,331,0.5,1.0,0.3,0.0,0.0,0.0
2021-04-21,353,370,238,329,0.6,0.3,1.2,0.0,0.0,0.0
2021-04-22,360,376,243,333,0.8,1.2,0.4,0.0,0.0,0.0
2021-04-23,360,376,239,331,0.3,0.1,1.7,0.0,0.0,0.0
2021-04-24,356,388,226,329,0.0,0.0,0.0,0.0,0.0,0.0
2021-04-25,339,383,214,324,0.0,0.0,0.0,0.0,0.0,0.0
2021-04-26,323,370,204,323,0.0,0.0,0.0,0.0,0.0,0.0
2021-04-27,303,354,198,322,0.0,0.0,0.0,0.0,0.0,0.0
2021-04-28,294,344,193,321,0.0,0.0,0.0,0.0,0.0,0.0
2021-04-29,285,325,188,320,0.0,0.5,0.8,0.0,0.0,0.0
2021-04-30,270,322,184,320,6.5,4.6,2.9,0.0,0.0,0.0
2021-05-01,276,312,181,321,21.3,13.9,22.1,0.0,0.0,0.0
2021-05-02,300,312,190,321,24.5,41.0,13.0,0.0,0.0,0.0
2021-05-03,346,342,246,331,0.0,0.3,0.0,0.0,0.0,0.0
2021-05-04,396,384,278,336,0.0,0.1,0.2,0.0,0.0,0.0
2021-05-05,371,414,289,328,0.2,0.0,0.3,0.0,0.0,0.0
2021-05-06,359,415,310,325,0.4,4.2,7.6,0.0,0.0,0.0
2021-05-07,352,407,320,323,5.7,3.7,0.8,0.0,0.0,0.0
2021-05-08,338,402,318,322,0.0,0.0,0.0,0.0,0.0,0.0
2021-05-09,329,393,315,323,0.0,0.0,0.0,0.0,0.0,0.0
2021-05-10,317,385,310,323,0.0,0.0,0.0,0.0,0.0,0.0
2021-05-11,313,375,304,322,0.0,0.0,0.0,0.0,0.0,0.0
2021-05-12,298,366,295,321,1.1,0.0,0.4,0.0,0.0,0.0
2021-05-13,302,357,285,323,0.0,0.3,0.0,0.0,0.0,0.0
2021-05-14,378,356,273,334,0.0,0.0,0.0,0.0,0.0,0.0
2021-05-15,427,394,263,368,8.2,0.4,2.2,0.0,0.0,0.0
2021-05-16,456,419,250,367,0.0,3.0,0.8,0.0,0.0,0.0
2021-05-17,408,438,238,335,0.0,0.0,3.8,0.0,0.0,0.0
2021-05-18,416,431,228,336,2.3,2.8,2.0,0.0,0.0,0.0
2021-05-19,464,422,221,358,1.6,1.3,0.0,0.0,0.0,0.0
2021-05-20,492,434,215,374,0.1,2.9,0.0,0.0,0.0,0.0
2021-05-21,458,451,209,357,0.0,0.1,0.2,0.0,0.0,0.0
2021-05-22,409,456,203,346,1.0,2.5,0.0,0.0,0.0,0.0
2021-05-23,371,436,197,340,0.0,0.7,0.0,0.0,0.0,0.0
2021-05-24,364,408,192,339,1.8,0.4,2.1,0.0,0.0,0.0
2021-05-25,344,393,187,330,0.5,2.6,0.1,0.0,0.0,0.0
2021-05-26,312,380,183,319,0.1,0.4,0.0,0.0,0.0,0.0
2021-05-27,294,358,179,320,0.2,0.7,0.0,0.0,0.0,0.0
2021-05-28,280,340,176,320,3.6,3.5,9.0,0.0,0.0,0.0
2021-05-29,280,328,172,320,0.9,0.7,1.6,0.0,0.0,0.0
2021-05-30,279,324,169,318,0.0,0.0,0.0,0.0,0.0,0.0
2021-05-31,274,321,167,321,0.0,0.0,0.0,0.0,0.0,0.0
2021-06-01,294,317,165,323,0.0,0.0,0.0,0.0,0.0,0.0
2021-06-02,273,326,162,319,0.0,0.0,0.0,0.0,0.0,0.0
2021-06-03,255,316,158,319,0.0,0.0,0.0,0.0,0.0,0.0
2021-06-04,255,300,155,319,0.0,1.2,1.0,0.0,0.0,0.0
2021-06-05,242,293,153,320,0.0,0.0,0.0,0.0,0.0,0.0
2021-06-06,240,285,150,319,0.0,0.0,0.0,0.0,0.0,0.0
2021-06-07,240,277,148,320,0.0,0.0,0.0,0.0,0.0,0.0
2021-06-08,234,276,146,318,0.0,0.0,0.0,0.0,0.0,0.0
2021-06-09,226,271,145,319,0.0,0.0,0.0,0.0,0.0,0.0
2021-06-10,215,261,143,320,0.0,0.0,0.4,0.0,0.0,0.0
2021-06-11,215,249,142,320,0.0,0.0,0.0,0.0,0.0,0.0
2021-06-12,209,245,141,320,23.6,12.4,18.2,0.0,0.0,0.0
2021-06-13,226,241,140,321,0.0,0.0,0.0,0.0,0.0,0.0
2021-06-14,231,230,139,319,0.0,0.0,0.0,0.0,0.0,0.0
2021-06-15,222,256,138,317,0.0,0.0,0.0,0.0,0.0,0.0
2021-06-16,231,257,138,317,0.0,0.0,0.0,0.0,0.0,0.0
2021-06-17,244,232,137,321,0.0,0.0,0.0,0.0,0.0,0.0
2021-06-18,244,211,137,324,0.0,0.0,0.0,0.0,0.0,0.0
2021-06-19,263,217,137,324,0.0,0.0,0.0,0.0,0.0,0.0
2021-06-20,247,223,137,323,0.0,0.0,0.0,0.0,0.0,0.0
2021-06-21,251,228,137,319,8.6,1.2,6.9,0.0,0.0,0.0
2021-06-22,248,226,138,324,0.0,17.3,0.0,0.0,0.0,0.0
2021-06-23,248,219,137,324,8.3,5.0,8.5,0.0,0.0,0.0
2021-06-24,256,209,138,323,0.0,0.1,0.3,0.0,0.0,0.0
2021-06-25,256,228,138,320,0.8,0.0,2.4,0.0,0.0,0.0
2021-06-26,299,237,138,323,5.4,0.0,0.0,0.0,0.0,0.0
2021-06-27,262,257,138,316,0.0,0.0,0.0,0.0,0.0,0.0
2021-06-28,251,261,138,319,0.0,0.0,0.0,0.0,0.0,0.0
2021-06-29,251,231,140,316,1.3,1.2,3.1,0.0,0.0,0.0
2021-06-30,252,224,142,321,15.5,19.1,0.0,0.0,0.0,0.0
2021-07-01,250,208,142,321,0.0,0.0,4.2,0.0,0.0,0.0
2021-07-02,271,205,142,319,4.5,2.2,0.7,0.0,0.0,0.0
2021-07-03,315,198,144,320,0.0,0.0,0.0,0.0,0.0,0.0
2021-07-04,319,205,145,318,0.0,0.0,0.0,0.0,0.0,0.0
2021-07-05,298,230,147,321,0.0,0.7,0.0,0.0,0.0,0.0
2021-07-06,297,217,153,319,0.0,0.0,0.0,0.0,0.0,0.0
2021-07-07,297,199,155,321,0.0,0.0,0.2,0.0,0.0,0.0
2021-07-08,304,196,151,318,42.0,32.0,29.1,0.0,0.0,0.0
2021-07-09,331,195,156,321,34.5,3.9,25.5,0.0,0.0,0.0
2021-07-10,318,224,162,320,0.0,0.0,0.0,0.0,0.0,0.0
2021-07-11,318,227,169,322,26.0,6.0,13.5,0.0,0.0,0.0
2021-07-12,323,217,182,320,7.8,1.5,2.8,0.0,0.0,0.0
2021-07-13,314,228,203,319,0.0,0.0,0.0,0.0,0.0,0.0
2021-07-14,317,222,231,317,2.9,3.3,1.9,0.0,0.0,0.0
2021-07-15,322,219,241,320,0.0,0.0,0.0,0.0,0.0,0.0
2021-07-16,323,215,248,321,0.0,0.2,0.0,0.0,0.0,0.0
2021-07-17,327,230,255,318,0.0,0.1,0.0,0.0,0.0,0.0
2021-07-18,330,234,259,319,0.0,0.0,0.0,0.0,0.0,0.0
2021-07-19,329,253,258,317,0.2,0.0,0.0,0.0,0.0,0.0
2021-07-20,328,250,252,320,0.0,0.0,0.0,0.0,0.0,0.0
2021-07-21,327,247,229,318,0.0,0.0,0.0,0.0,0.0,0.0
2021-07-22,322,247,212,318,0.0,0.0,0.0,0.0,0.0,0.0
2021-07-23,320,233,205,319,0.0,0.0,0.0,0.0,0.0,0.0
2021-07-24,311,228,197,319,0.0,0.0,0.0,0.0,0.0,0.0
2021-07-25,299,224,192,320,0.2,0.8,0.0,0.0,0.0,0.0
2021-07-26,305,208,189,319,3.7,7.5,0.0,0.0,0.0,0.0
2021-07-27,313,193,185,319,0.0,0.0,0.0,0.0,0.0,0.0
2021-07-28,317,212,180,318,1.3,0.0,3.9,0.0,0.0,0.0
2021-07-29,314,219,175,320,0.0,0.0,0.0,0.0,0.0,0.0
2021-07-30,309,226,166,321,0.0,0.0,0.0,0.0,0.0,0.0
2021-07-31,308,215,165,320,0.0,0.0,0.9,0.0,0.0,0.0
2021-08-01,306,207,167,318,5.1,1.1,4.2,0.0,0.0,0.0
2021-08-02,309,189,167,319,0.2,0.1,0.0,0.0,0.0,0.0
2021-08-03,323,195,168,321,9.0,16.5,17.5,0.0,0.0,0.0
2021-08-04,318,219,168,319,0.5,0.0,1.2,0.0,0.0,0.0
2021-08-05,313,235,170,318,4.0,5.4,11.1,0.0,0.0,0.0
2021-08-06,356,222,169,322,0.0,0.2,0.0,0.0,0.0,0.0
2021-08-07,406,270,166,352,1.6,18.7,0.1,0.0,0.0,0.0
2021-08-08,404,328,152,335,0.0,0.1,0.0,0.0,0.0,0.0
2021-08-09,333,352,143,317,0.0,0.0,0.0,0.0,0.0,0.0
2021-08-10,321,296,149,320,1.4,11.9,0.0,0.0,0.0,0.0
2021-08-11,327,258,157,324,0.0,0.0,0.0,0.0,0.0,0.0
2021-08-12,316,249,160,322,0.0,0.0,0.0,0.0,0.0,0.0
2021-08-13,323,245,162,321,0.0,0.0,0.0,0.0,0.0,0.0
2021-08-14,313,243,163,319,0.0,0.0,0.0,0.0,0.0,0.0
2021-08-15,307,234,163,319,0.0,0.0,0.0,0.0,0.0,0.0
2021-08-16,311,223,162,320,9.7,2.0,2.7,0.0,0.0,0.0
2021-08-17,316,217,162,317,0.0,0.0,0.0,0.0,0.0,0.0
2021-08-18,330,194,162,322,0.1,0.0,0.0,0.0,0.0,0.0
2021-08-19,342,192,162,320,0.0,0.0,0.0,0.0,0.0,0.0
2021-08-20,343,215,173,317,6.1,3.8,0.2,0.0,0.0,0.0
2021-08-21,360,200,186,320,0.0,0.0,0.0,0.0,0.0,0.0
2021-08-22,374,188,196,321,9.5,23.3,7.4,0.0,0.0,0.0
2021-08-23,376,186,204,319,6.4,24.7,11.5,0.0,0.0,0.0
2021-08-24,375,195,207,318,0.8,0.0,0.4,0.0,0.0,0.0
2021-08-25,376,192,221,320,2.5,1.7,4.0,0.0,0.0,0.0
2021-08-26,381,200,205,321,7.7,6.6,1.2,0.0,0.0,0.0
2021-08-27,385,214,198,321,1.9,0.2,0.0,0.0,0.0,0.0
2021-08-28,384,228,206,320,0.0,0.0,0.0,0.0,0.0,0.0
2021-08-29,383,237,216,319,0.3,2.7,0.0,0.0,0.0,0.0
2021-08-30,385,237,244,317,13.6,13.0,11.8,0.0,0.0,0.0
2021-08-31,397,239,245,317,10.2,1.7,13.0,0.0,0.0,0.0
2021-09-01,406,260,241,320,0.0,0.0,0.0,0.0,0.0,0.0
2021-09-02,461,283,240,363,0.0,0.0,0.0,0.0,0.0,0.0
2021-09-03,492,345,243,382,0.0,0.0,0.0,0.0,0.0,0.0
2021-09-04,403,402,249,338,0.0,0.0,0.0,0.0,0.0,0.0
2021-09-05,352,393,257,324,0.0,0.0,0.0,0.0,0.0,0.0
2021-09-06,397,329,265,322,0.0,0.0,0.0,0.0,0.0,0.0
2021-09-07,393,297,262,324,0.0,0.0,0.0,0.0,0.0,0.0
2021-09-08,389,289,261,323,0.0,0.0,0.0,0.0,0.0,0.0
2021-09-09,390,280,257,324,0.0,0.0,0.0,0.0,0.0,0.0
2021-09-10,379,267,251,324,0.0,0.0,0.0,0.0,0.0,0.0
2021-09-11,334,271,243,321,0.0,0.0,0.4,0.0,0.0,0.0
2021-09-12,332,275,237,321,0.0,0.0,0.4,0.0,0.0,0.0
2021-09-13,333,262,234,322,0.0,0.0,0.2,0.0,0.0,0.0
2021-09-14,336,264,231,321,0.0,0.0,0.0,0.0,0.0,0.0
2021-09-15,333,265,225,320,0.0,0.0,0.2,0.0,0.0,0.0
2021-09-16,329,258,221,322,0.2,2.1,2.1,0.0,0.0,0.0
2021-09-17,327,247,219,321,0.2,0.4,0.1,0.0,0.0,0.0
2021-09-18,335,249,218,323,3.0,2.1,1.3,0.0,0.0,0.0
2021-09-19,339,251,221,317,0.0,0.1,0.0,0.0,0.0,0.0
2021-09-20,330,269,224,319,0.0,0.1,0.0,0.0,0.0,0.0
2021-09-21,330,259,226,322,13.0,13.7,12.3,0.0,0.0,0.0
2021-09-22,332,256,228,323,0.3,0.1,0.0,0.0,0.0,0.0
2021-09-23,334,258,229,325,0.0,0.5,0.0,0.0,0.0,0.0
2021-09-24,342,256,231,325,0.0,0.0,0.0,0.0,0.0,0.0
2021-09-25,334,269,232,322,0.0,0.0,0.0,0.0,0.0,0.0
2021-09-26,334,269,234,324,0.0,0.0,0.0,0.0,0.0,0.0
2021-09-27,329,261,237,322,0.0,0.0,0.2,0.0,0.0,0.0
2021-09-28,330,256,236,321,1.0,0.7,0.0,0.0,0.0,0.0
2021-09-29,329,254,228,322,2.5,1.1,2.3,0.0,0.0,0.0
2021-09-30,329,249,230,320,0.0,0.1,0.0,0.0,0.0,0.0
2021-10-01,324,251,224,320,0.0,0.0,0.0,0.0,0.0,0.0
2021-10-02,324,244,215,321,0.0,0.0,0.0,0.0,0.0,0.0
2021-10-03,324,242,209,322,0.0,0.0,0.0,0.0,0.0,0.0
2021-10-04,321,238,217,322,0.0,0.0,0.0,0.0,0.0,0.0
2021-10-05,315,230,221,321,0.1,9.6,0.3,0.0,0.0,0.0
2021-10-06,321,223,222,320,0.4,0.0,1.3,0.0,0.0,0.0
2021-10-07,321,215,220,322,0.7,0.1,0.0,0.0,0.0,0.0
2021-10-08,321,216,220,325,0.0,0.0,0.0,0.0,0.0,0.0
2021-10-09,325,225,221,323,0.0,0.0,0.0,0.0,0.0,0.0
2021-10-10,319,239,221,322,0.0,0.0,0.0,0.0,0.0,0.0
2021-10-11,321,221,222,324,0.0,0.3,0.0,0.0,0.0,0.0
2021-10-12,320,224,222,323,4.3,6.1,4.3,0.0,0.0,0.0
2021-10-13,323,229,222,323,0.5,0.2,1.7,0.0,0.0,0.0
2021-10-14,323,228,219,324,1.0,0.9,0.0,0.0,0.0,0.0
2021-10-15,329,227,211,326,1.2,0.9,1.7,0.0,0.0,0.0
2021-10-16,324,244,203,325,0.0,0.2,0.0,0.0,0.0,0.0
2021-10-17,327,239,198,325,1.0,0.9,0.9,0.0,0.0,0.0
2021-10-18,326,238,196,323,0.0,0.0,0.0,0.0,0.0,0.0
2021-10-19,326,239,193,322,0.0,0.0,0.0,0.0,0.0,0.0
2021-10-20,327,236,189,323,0.0,0.3,2.6,0.0,0.0,0.0
2021-10-21,324,240,188,320,0.0,1.3,0.0,0.0,0.0,0.0
2021-10-22,334,230,184,319,1.4,0.3,0.6,0.0,0.0,0.0
2021-10-23,327,231,182,320,0.1,0.0,0.1,0.0,0.0,0.0
2021-10-24,324,236,171,320,0.0,0.0,0.0,0.0,0.0,0.0
2021-10-25,322,228,171,320,0.0,0.0,0.0,0.0,0.0,0.0
2021-10-26,322,226,174,320,0.0,0.0,0.0,0.0,0.0,0.0
2021-10-27,322,225,177,320,0.0,0.0,0.0,0.0,0.0,0.0
2021-10-28,317,224,177,318,0.0,0.0,0.0,0.0,0.0,0.0
2021-10-29,317,214,177,319,0.0,0.0,0.0,0.0,0.0,0.0
2021-10-30,316,208,177,319,0.0,0.0,0.0,0.0,0.0,0.0
2021-10-31,316,209,178,317,0.0,0.0,0.0,0.0,0.0,0.0
